,NewDate,# of RFpred==1,# of RFpred==0,# of RFpred==-1,# of SVMpred==1,# of SVMpred==0,# of SVMpred==-1,,Real,RF pred,RF result,SVM pred,SVM result,,,no data,--,,
0,58,1,5,0,0,6,0,,1,down,rd,down,rd,,,,,,
1,59,1,2,0,0,3,0,,1,down,rd,down,rd,,,confusion matrix,,,
2,60,0,5,0,0,5,0,,0,down,dd,down,dd,,,,Real rise,Real down,
3,61,1,2,0,1,2,0,,1,down,rd,down,rd,,,RF rise,99,107,206
4,62,1,0,1,1,0,1,,1,rise,rr,rise,rr,,,RF down,146,135,281
5,63,0,3,0,0,3,0,,1,down,rd,down,rd,,,RF 不出手,70,120,190
6,64,3,6,0,4,5,0,,1,down,rd,down,rd,,,,315,362,677
7,65,1,1,0,1,1,0,,0,-1,d-1,-1,d-1,,,,,,
8,66,3,3,0,3,3,0,,0,-1,d-1,-1,d-1,,,出手,0.719350074,,
9,67,0,1,0,0,1,0,,1,down,rd,down,rd,,,準確,0.480492813,,
10,68,0,1,0,0,1,0,,0,down,dd,down,dd,,,,,,
11,69,0,1,0,0,1,0,,0,down,dd,down,dd,,,,Real rise,Real down,
12,70,0,1,0,0,1,0,,1,down,rd,down,rd,,,SVM rise,55,67,122
13,71,0,1,0,0,1,0,,1,down,rd,down,rd,,,SVM down,184,180,364
14,72,0,1,0,0,1,0,,0,down,dd,down,dd,,,SVM 不出手,76,115,191
15,73,1,4,0,1,4,0,,0,down,dd,down,dd,,,,315,362,677
16,74,0,4,0,0,4,0,,0,down,dd,down,dd,,,,,,
17,75,0,2,0,0,2,0,,0,down,dd,down,dd,,,出手,0.717872969,,
18,76,0,6,0,0,6,0,,1,down,rd,down,rd,,,準確,0.483539095,,
19,77,0,5,0,0,5,0,,0,down,dd,down,dd,,,,,,
20,78,0,3,0,0,3,0,,1,down,rd,down,rd,,,,,,
21,79,0,1,0,0,1,0,,1,down,rd,down,rd,,,,,,
22,80,1,4,0,0,5,0,,0,down,dd,down,dd,,,,,,
23,81,0,4,0,0,4,0,,0,down,dd,down,dd,,,,,,
24,82,1,2,0,0,3,0,,0,down,dd,down,dd,,,,,,
25,83,0,1,0,0,1,0,,1,down,rd,down,rd,,,,,,
26,84,0,2,0,0,2,0,,1,down,rd,down,rd,,,,,,
27,85,1,1,0,0,2,0,,1,-1,r-1,down,rd,,,,,,
28,86,3,3,0,3,3,0,,0,-1,d-1,-1,d-1,,,,,,
29,87,1,3,0,1,3,0,,1,down,rd,down,rd,,,,,,
30,88,1,1,0,1,1,0,,1,-1,r-1,-1,r-1,,,,,,
31,89,0,2,0,0,2,0,,0,down,dd,down,dd,,,,,,
32,90,3,1,0,2,2,0,,1,rise,rr,-1,r-1,,,,,,
33,91,1,2,0,0,3,0,,1,down,rd,down,rd,,,,,,
34,92,0,2,0,0,2,0,,0,down,dd,down,dd,,,,,,
35,93,--,--,--,--,--,--,,1,-1,r-1,-1,r-1,,,,,,
36,94,0,2,0,0,2,0,,1,down,rd,down,rd,,,,,,
37,95,0,2,0,0,2,0,,1,down,rd,down,rd,,,,,,
38,96,1,1,0,1,1,0,,0,-1,d-1,-1,d-1,,,,,,
39,97,0,4,0,1,3,0,,1,down,rd,down,rd,,,,,,
40,98,0,2,0,0,2,0,,1,down,rd,down,rd,,,,,,
41,99,0,2,0,0,2,0,,1,down,rd,down,rd,,,,,,
42,100,3,1,0,2,2,0,,1,rise,rr,-1,r-1,,,,,,
43,101,2,2,0,2,2,0,,0,-1,d-1,down,dd,,,,,,
44,102,2,2,0,1,3,0,,0,down,dd,down,dd,,,,,,
45,103,2,3,0,2,3,0,,1,down,rd,down,rd,,,,,,
46,104,1,1,0,0,2,0,,1,-1,r-1,down,rd,,,,,,
47,105,0,5,0,0,5,0,,0,down,dd,down,dd,,,,,,
48,106,1,2,0,0,3,0,,1,down,rd,down,rd,,,,,,
49,107,4,1,0,2,3,0,,1,rise,rr,down,rd,,,,,,
50,108,1,2,0,0,3,0,,1,down,rd,down,rd,,,,,,
51,109,3,0,0,0,3,0,,0,rise,dr,down,dd,,,,,,
52,110,0,2,0,0,2,0,,0,down,dd,down,dd,,,,,,
53,111,0,2,0,0,2,0,,0,down,dd,down,dd,,,,,,
54,112,1,1,0,1,1,0,,1,-1,r-1,-1,r-1,,,,,,
55,113,--,--,--,--,--,--,,1,-1,r-1,-1,r-1,,,,,,
56,114,2,4,0,0,6,0,,1,down,rd,down,rd,,,,,,
57,115,0,2,0,0,2,0,,1,down,rd,down,rd,,,,,,
58,116,0,1,0,0,1,0,,1,down,rd,down,rd,,,,,,
59,117,2,2,0,1,3,0,,1,-1,r-1,down,rd,,,,,,
60,118,4,4,0,3,5,0,,0,-1,d-1,down,dd,,,,,,
61,119,2,2,0,1,3,0,,0,-1,d-1,down,dd,,,,,,
62,120,3,3,0,2,4,0,,1,-1,r-1,down,rd,,,,,,
63,121,3,2,0,0,5,0,,1,rise,rr,down,rd,,,,,,
64,122,0,4,0,0,4,0,,1,down,rd,down,rd,,,,,,
65,123,3,2,0,3,2,0,,0,rise,dr,rise,dr,,,,,,
66,124,4,6,0,2,8,0,,0,down,dd,down,dd,,,,,,
67,125,1,2,0,1,2,0,,1,down,rd,down,rd,,,,,,
68,126,0,1,0,0,1,0,,1,down,rd,down,rd,,,,,,
69,127,2,2,0,2,2,0,,0,-1,d-1,-1,d-1,,,,,,
70,128,5,3,0,2,6,0,,0,rise,dr,down,dd,,,,,,
71,129,0,1,0,0,1,0,,0,down,dd,down,dd,,,,,,
72,130,1,2,0,1,2,0,,1,down,rd,down,rd,,,,,,
73,131,1,2,0,0,3,0,,0,down,dd,down,dd,,,,,,
74,132,1,1,0,1,1,0,,1,-1,r-1,-1,r-1,,,,,,
75,133,1,2,0,0,3,0,,0,down,dd,down,dd,,,,,,
76,134,0,1,0,0,1,0,,1,down,rd,down,rd,,,,,,
77,135,0,1,0,0,1,0,,0,down,dd,down,dd,,,,,,
78,136,3,3,0,2,4,0,,1,-1,r-1,-1,r-1,,,,,,
79,137,2,4,0,3,3,0,,1,down,rd,-1,r-1,,,,,,
80,138,0,2,0,0,2,0,,0,down,dd,down,dd,,,,,,
81,139,2,4,0,3,3,0,,0,down,dd,down,dd,,,,,,
82,140,0,2,0,0,2,0,,1,down,rd,down,rd,,,,,,
83,141,0,4,0,0,4,0,,0,down,dd,down,dd,,,,,,
84,142,2,3,0,2,3,0,,1,down,rd,down,rd,,,,,,
85,143,1,2,0,1,2,0,,0,down,dd,down,dd,,,,,,
86,144,1,2,0,1,2,0,,0,down,dd,down,dd,,,,,,
87,145,0,1,0,0,1,0,,1,down,rd,down,rd,,,,,,
88,146,--,--,--,--,--,--,,0,-1,d-1,-1,d-1,,,,,,
89,147,0,1,0,0,1,0,,1,down,rd,down,rd,,,,,,
90,148,--,--,--,--,--,--,,1,-1,r-1,-1,r-1,,,,,,
91,149,0,1,0,0,1,0,,0,down,dd,down,dd,,,,,,
92,150,0,1,0,0,1,0,,0,down,dd,down,dd,,,,,,
93,151,2,2,0,2,2,0,,0,-1,d-1,-1,d-1,,,,,,
94,152,--,--,--,--,--,--,,1,-1,r-1,-1,r-1,,,,,,
95,153,0,1,0,0,1,0,,0,down,dd,down,dd,,,,,,
96,154,0,2,0,0,2,0,,1,down,rd,down,rd,,,,,,
97,155,3,2,0,3,2,0,,0,rise,dr,rise,dr,,,,,,
98,156,0,1,0,0,1,0,,1,down,rd,down,rd,,,,,,
99,157,2,1,0,2,1,0,,1,rise,rr,rise,rr,,,,,,
100,158,0,2,0,1,1,0,,1,down,rd,-1,r-1,,,,,,
101,159,1,5,0,2,4,0,,1,down,rd,down,rd,,,,,,
102,160,2,2,0,2,2,0,,0,-1,d-1,-1,d-1,,,,,,
103,161,0,1,0,0,1,0,,1,down,rd,down,rd,,,,,,
104,162,0,2,0,0,2,0,,0,-1,d-1,down,dd,,,,,,
105,163,1,3,0,1,3,0,,0,down,dd,down,dd,,,,,,
106,164,2,3,0,1,4,0,,0,down,dd,down,dd,,,,,,
107,165,0,2,0,0,2,0,,0,down,dd,-1,d-1,,,,,,
108,166,0,2,0,1,1,0,,0,down,dd,-1,d-1,,,,,,
109,167,0,2,0,1,1,0,,0,down,dd,-1,d-1,,,,,,
110,168,0,2,0,0,2,0,,1,down,rd,down,rd,,,,,,
111,169,0,3,0,1,2,0,,0,down,dd,down,dd,,,,,,
112,170,0,2,0,0,2,0,,1,down,rd,-1,r-1,,,,,,
113,171,--,--,--,--,--,--,,1,-1,r-1,-1,r-1,,,,,,
114,172,0,3,0,1,2,0,,1,down,rd,down,rd,,,,,,
115,173,0,1,0,0,1,0,,0,down,dd,down,dd,,,,,,
116,174,0,1,0,0,1,0,,1,down,rd,down,rd,,,,,,
117,175,0,2,0,1,1,0,,0,-1,d-1,-1,d-1,,,,,,
118,176,0,1,0,0,1,0,,0,down,dd,down,dd,,,,,,
119,177,--,--,--,--,--,--,,0,-1,d-1,-1,d-1,,,,,,
120,178,0,1,0,0,1,0,,1,down,rd,down,rd,,,,,,
121,179,1,3,0,1,3,0,,1,down,rd,down,rd,,,,,,
122,180,0,4,0,1,3,0,,1,down,rd,down,rd,,,,,,
123,181,3,1,0,1,3,0,,0,rise,dr,-1,d-1,,,,,,
124,182,3,2,0,3,2,0,,0,rise,dr,rise,dr,,,,,,
125,183,0,3,0,0,3,0,,0,down,dd,down,dd,,,,,,
126,184,1,4,0,1,4,0,,0,down,dd,down,dd,,,,,,
127,185,0,4,0,1,3,0,,0,down,dd,down,dd,,,,,,
128,186,0,1,0,0,1,0,,0,rise,dr,down,dd,,,,,,
129,187,0,1,0,0,1,0,,1,rise,rr,down,rd,,,,,,
130,188,0,1,0,0,1,0,,0,rise,dr,down,dd,,,,,,
131,189,0,2,0,0,2,0,,0,down,dd,down,dd,,,,,,
132,190,0,2,0,1,1,0,,0,down,dd,-1,d-1,,,,,,
133,191,1,2,0,1,2,0,,0,down,dd,down,dd,,,,,,
134,192,0,1,0,0,1,0,,1,rise,rr,down,rd,,,,,,
135,193,0,2,0,0,2,0,,1,-1,r-1,down,rd,,,,,,
136,194,0,2,0,0,2,0,,0,-1,d-1,-1,d-1,,,,,,
137,195,1,2,0,1,2,0,,0,down,dd,rise,dr,,,,,,
138,196,2,5,0,3,4,0,,0,down,dd,down,dd,,,,,,
139,197,2,1,0,2,1,0,,1,rise,rr,rise,rr,,,,,,
140,198,--,--,--,--,--,--,,0,-1,d-1,-1,d-1,,,,,,
141,199,0,2,0,1,1,0,,0,down,dd,-1,d-1,,,,,,
142,200,1,2,0,1,2,0,,0,rise,dr,down,dd,,,,,,
143,201,1,0,0,0,1,0,,0,rise,dr,down,dd,,,,,,
144,202,0,3,0,1,2,0,,1,down,rd,down,rd,,,,,,
145,203,--,--,--,--,--,--,,0,-1,d-1,-1,d-1,,,,,,
146,204,3,2,0,2,3,0,,0,down,dd,down,dd,,,,,,
147,205,2,2,0,2,2,0,,1,-1,r-1,-1,r-1,,,,,,
148,206,4,1,0,2,3,0,,0,down,dd,down,dd,,,,,,
149,207,0,3,0,0,3,0,,1,down,rd,down,rd,,,,,,
150,208,1,2,0,1,2,0,,0,down,dd,down,dd,,,,,,
151,209,3,5,0,3,5,0,,0,down,dd,down,dd,,,,,,
152,210,0,2,0,1,1,0,,1,down,rd,-1,r-1,,,,,,
153,211,1,2,0,0,3,0,,1,down,rd,down,rd,,,,,,
154,212,1,0,0,0,1,0,,0,rise,dr,down,dd,,,,,,
155,213,1,3,0,1,3,0,,1,down,rd,down,rd,,,,,,
156,214,1,2,0,1,2,0,,0,down,dd,down,dd,,,,,,
157,215,1,1,0,0,2,0,,0,-1,d-1,down,dd,,,,,,
158,216,2,2,0,2,2,0,,0,down,dd,down,dd,,,,,,
159,217,1,3,0,1,3,0,,1,-1,r-1,down,rd,,,,,,
160,218,1,0,0,0,1,0,,0,rise,dr,down,dd,,,,,,
161,219,--,--,--,--,--,--,,0,-1,d-1,-1,d-1,,,,,,
162,220,2,1,0,1,2,0,,1,rise,rr,down,rd,,,,,,
163,221,3,3,0,2,4,0,,1,down,rd,down,rd,,,,,,
164,222,1,0,0,0,1,0,,0,rise,dr,down,dd,,,,,,
165,223,1,1,0,1,1,0,,1,rise,rr,-1,r-1,,,,,,
166,224,--,--,--,--,--,--,,0,-1,d-1,-1,d-1,,,,,,
167,225,1,0,0,0,1,0,,1,rise,rr,down,rd,,,,,,
168,226,1,3,0,1,3,0,,1,-1,r-1,down,rd,,,,,,
169,227,1,0,0,0,1,0,,0,rise,dr,down,dd,,,,,,
170,228,3,0,0,2,1,0,,0,rise,dr,rise,dr,,,,,,
171,229,3,2,0,3,2,0,,0,rise,dr,rise,dr,,,,,,
172,230,1,0,0,0,1,0,,1,rise,rr,down,rd,,,,,,
173,231,1,0,0,0,1,0,,0,rise,dr,down,dd,,,,,,
174,232,2,1,0,0,3,0,,0,rise,dr,down,dd,,,,,,
175,233,0,4,0,2,2,0,,0,down,dd,-1,d-1,,,,,,
176,234,1,1,0,1,1,0,,0,-1,d-1,-1,d-1,,,,,,
177,235,--,--,--,--,--,--,,1,-1,r-1,-1,r-1,,,,,,
178,236,1,4,0,1,4,0,,0,down,dd,down,dd,,,,,,
179,237,0,4,0,0,4,0,,0,down,dd,down,dd,,,,,,
180,238,1,0,0,0,1,0,,1,rise,rr,down,rd,,,,,,
181,239,1,2,0,0,3,0,,1,down,rd,down,rd,,,,,,
182,240,1,0,0,0,1,0,,0,rise,dr,down,dd,,,,,,
183,241,1,0,0,0,1,0,,0,rise,dr,down,dd,,,,,,
184,242,1,1,0,0,2,0,,1,-1,r-1,-1,r-1,,,,,,
185,243,1,1,0,0,2,0,,0,-1,d-1,down,dd,,,,,,
186,244,1,0,0,0,1,0,,1,rise,rr,down,rd,,,,,,
187,245,1,0,0,0,1,0,,1,rise,rr,down,rd,,,,,,
188,246,1,1,0,0,2,0,,0,-1,d-1,down,dd,,,,,,
189,247,1,1,0,0,2,0,,0,-1,d-1,down,dd,,,,,,
190,248,1,2,0,1,2,0,,1,rise,rr,down,rd,,,,,,
191,249,1,4,0,2,3,0,,1,down,rd,down,rd,,,,,,
192,250,1,0,0,0,1,0,,0,rise,dr,down,dd,,,,,,
193,251,--,--,--,--,--,--,,0,-1,d-1,-1,d-1,,,,,,
194,252,1,0,0,0,1,0,,1,rise,rr,down,rd,,,,,,
195,253,1,0,0,0,1,0,,0,rise,dr,down,dd,,,,,,
196,254,1,7,0,2,6,0,,1,down,rd,down,rd,,,,,,
197,255,2,2,0,1,3,0,,0,-1,d-1,down,dd,,,,,,
198,256,--,--,--,--,--,--,,1,-1,r-1,-1,r-1,,,,,,
199,257,2,1,0,0,3,0,,0,rise,dr,down,dd,,,,,,
200,258,1,0,0,0,1,0,,0,rise,dr,down,dd,,,,,,
201,259,1,0,0,0,1,0,,1,rise,rr,down,rd,,,,,,
202,260,3,0,0,1,2,0,,1,rise,rr,down,rd,,,,,,
203,261,2,7,0,3,6,0,,1,down,rd,down,rd,,,,,,
204,262,0,2,0,0,2,0,,0,down,dd,down,dd,,,,,,
205,263,--,--,--,--,--,--,,1,-1,r-1,-1,r-1,,,,,,
206,264,0,2,0,0,2,0,,1,down,rd,down,rd,,,,,,
207,265,0,1,0,0,1,0,,1,down,rd,down,rd,,,,,,
208,266,0,1,0,0,1,0,,0,down,dd,down,dd,,,,,,
209,267,1,2,0,0,3,0,,0,down,dd,down,dd,,,,,,
210,268,--,--,--,--,--,--,,1,-1,r-1,-1,r-1,,,,,,
211,269,--,--,--,--,--,--,,1,-1,r-1,-1,r-1,,,,,,
212,270,--,--,--,--,--,--,,0,-1,d-1,-1,d-1,,,,,,
213,271,1,2,0,1,2,0,,0,down,dd,down,dd,,,,,,
214,272,0,2,0,0,2,0,,1,down,rd,down,rd,,,,,,
215,273,2,1,0,0,3,0,,0,rise,dr,down,dd,,,,,,
216,274,1,1,0,0,2,0,,0,-1,d-1,down,dd,,,,,,
217,275,0,3,0,1,2,0,,0,down,dd,down,dd,,,,,,
218,276,--,--,--,--,--,--,,1,-1,r-1,-1,r-1,,,,,,
219,277,1,1,0,0,2,0,,0,-1,d-1,down,dd,,,,,,
220,278,0,1,0,0,1,0,,0,down,dd,down,dd,,,,,,
221,279,0,2,0,0,2,0,,0,down,dd,down,dd,,,,,,
222,280,--,--,--,--,--,--,,0,-1,d-1,-1,d-1,,,,,,
223,281,0,1,0,0,1,0,,1,down,rd,down,rd,,,,,,
224,282,--,--,--,--,--,--,,0,-1,d-1,-1,d-1,,,,,,
225,283,0,1,0,0,1,0,,1,down,rd,down,rd,,,,,,
226,284,1,3,0,1,3,0,,1,down,rd,down,rd,,,,,,
227,285,1,2,0,0,3,0,,1,down,rd,down,rd,,,,,,
228,286,0,4,0,1,3,0,,0,down,dd,down,dd,,,,,,
229,287,--,--,--,--,--,--,,1,-1,r-1,-1,r-1,,,,,,
230,288,0,1,0,0,1,0,,1,down,rd,down,rd,,,,,,
231,289,0,2,0,0,2,0,,1,down,rd,down,rd,,,,,,
232,290,0,1,0,0,1,0,,1,down,rd,down,rd,,,,,,
233,291,0,1,0,0,1,0,,0,down,dd,down,dd,,,,,,
234,292,--,--,--,--,--,--,,0,-1,d-1,-1,d-1,,,,,,
235,293,1,2,0,1,2,0,,0,down,dd,down,dd,,,,,,
236,294,1,3,0,2,2,0,,1,down,rd,-1,r-1,,,,,,
237,295,--,--,--,--,--,--,,0,-1,d-1,-1,d-1,,,,,,
238,296,2,1,0,1,2,0,,0,rise,dr,down,dd,,,,,,
239,297,0,1,0,0,1,0,,0,down,dd,down,dd,,,,,,
240,298,0,1,0,0,1,0,,0,down,dd,down,dd,,,,,,
241,299,0,2,0,1,1,0,,1,down,rd,-1,r-1,,,,,,
242,300,0,1,0,0,1,0,,0,down,dd,down,dd,,,,,,
243,301,0,3,0,0,3,0,,0,down,dd,down,dd,,,,,,
244,302,1,2,0,0,3,0,,1,down,rd,down,rd,,,,,,
245,303,0,1,0,0,1,0,,0,down,dd,down,dd,,,,,,
246,304,0,1,0,0,1,0,,1,down,rd,down,rd,,,,,,
247,305,--,--,--,--,--,--,,0,-1,d-1,-1,d-1,,,,,,
248,306,0,6,0,1,5,0,,0,down,dd,down,dd,,,,,,
249,307,0,1,0,0,1,0,,0,down,dd,down,dd,,,,,,
250,308,0,1,0,0,1,0,,1,down,rd,down,rd,,,,,,
251,309,0,2,0,0,2,0,,1,down,rd,down,rd,,,,,,
252,310,0,1,0,0,1,0,,1,down,rd,down,rd,,,,,,
253,311,0,2,0,0,2,0,,0,down,dd,down,dd,,,,,,
254,312,--,--,--,--,--,--,,0,-1,d-1,-1,d-1,,,,,,
255,313,--,--,--,--,--,--,,0,-1,d-1,-1,d-1,,,,,,
256,314,0,3,0,0,3,0,,0,down,dd,down,dd,,,,,,
257,315,--,--,--,--,--,--,,1,-1,r-1,-1,r-1,,,,,,
258,316,--,--,--,--,--,--,,0,-1,d-1,-1,d-1,,,,,,
259,317,0,1,0,0,1,0,,1,down,rd,down,rd,,,,,,
260,318,--,--,--,--,--,--,,0,-1,d-1,-1,d-1,,,,,,
261,319,--,--,--,--,--,--,,0,-1,d-1,-1,d-1,,,,,,
262,320,0,2,0,1,1,0,,0,down,dd,-1,d-1,,,,,,
263,321,--,--,--,--,--,--,,0,-1,d-1,-1,d-1,,,,,,
264,322,--,--,--,--,--,--,,0,-1,d-1,-1,d-1,,,,,,
265,323,--,--,--,--,--,--,,1,-1,r-1,-1,r-1,,,,,,
266,324,0,2,0,0,2,0,,1,down,rd,down,rd,,,,,,
267,325,0,1,0,0,1,0,,1,down,rd,down,rd,,,,,,
268,326,0,1,0,0,1,0,,0,down,dd,down,dd,,,,,,
269,327,3,3,0,3,3,0,,0,-1,d-1,-1,d-1,,,,,,
270,328,--,--,--,--,--,--,,1,-1,r-1,-1,r-1,,,,,,
271,329,0,1,0,0,1,0,,0,down,dd,down,dd,,,,,,
272,330,--,--,--,--,--,--,,0,-1,d-1,-1,d-1,,,,,,
273,331,0,3,0,0,3,0,,0,down,dd,down,dd,,,,,,
274,332,0,1,0,0,1,0,,0,down,dd,down,dd,,,,,,
275,333,0,2,0,0,2,0,,1,down,rd,down,rd,,,,,,
276,334,0,3,0,0,3,0,,1,down,rd,down,rd,,,,,,
277,335,0,1,0,0,1,0,,1,down,rd,down,rd,,,,,,
278,336,1,2,0,0,3,0,,1,down,rd,down,rd,,,,,,
279,337,2,4,0,2,4,0,,0,down,dd,down,dd,,,,,,
280,338,1,1,0,1,1,0,,1,-1,r-1,-1,r-1,,,,,,
281,339,2,1,0,1,2,0,,1,rise,rr,down,rd,,,,,,
282,340,0,1,0,0,1,0,,1,down,rd,down,rd,,,,,,
283,341,5,3,0,5,3,0,,1,rise,rr,rise,rr,,,,,,
284,342,2,1,0,2,1,0,,1,rise,rr,down,rd,,,,,,
285,343,2,1,0,1,2,0,,1,down,rd,down,rd,,,,,,
286,344,3,2,0,0,5,0,,0,rise,dr,down,dd,,,,,,
287,345,2,1,0,2,1,0,,0,rise,dr,rise,dr,,,,,,
288,346,2,3,0,1,4,0,,0,down,dd,down,dd,,,,,,
289,347,0,1,0,0,1,0,,1,down,rd,down,rd,,,,,,
290,348,1,2,0,1,2,0,,1,down,rd,down,rd,,,,,,
291,349,0,1,0,0,1,0,,1,down,rd,down,rd,,,,,,
292,350,1,2,0,0,3,0,,1,down,rd,down,rd,,,,,,
293,351,1,2,0,1,2,0,,1,down,rd,down,rd,,,,,,
294,352,2,1,0,0,3,0,,1,down,rd,down,rd,,,,,,
295,353,0,1,0,0,1,0,,1,down,rd,down,rd,,,,,,
296,354,--,--,--,--,--,--,,0,-1,d-1,-1,d-1,,,,,,
297,355,0,4,0,0,4,0,,1,down,rd,down,rd,,,,,,
298,356,5,1,0,1,5,0,,1,rise,rr,down,rd,,,,,,
299,357,1,1,0,1,1,0,,0,-1,d-1,-1,d-1,,,,,,
300,358,0,2,0,0,2,0,,1,down,rd,down,rd,,,,,,
301,359,0,1,0,0,1,0,,0,down,dd,down,dd,,,,,,
302,360,0,7,0,0,7,0,,1,down,rd,down,rd,,,,,,
303,361,0,2,0,0,2,0,,0,down,dd,down,dd,,,,,,
304,362,0,1,0,0,1,0,,1,down,rd,down,rd,,,,,,
305,363,1,2,0,0,3,0,,0,down,dd,down,dd,,,,,,
306,364,1,2,0,0,3,0,,0,down,dd,down,dd,,,,,,
307,365,4,4,0,1,7,0,,0,rise,dr,down,dd,,,,,,
308,366,1,4,0,1,4,0,,1,down,rd,down,rd,,,,,,
309,367,2,4,0,0,6,0,,1,down,rd,down,rd,,,,,,
310,368,--,--,--,--,--,--,,0,-1,d-1,-1,d-1,,,,,,
311,369,2,1,0,0,3,0,,1,rise,rr,down,rd,,,,,,
312,370,--,--,--,--,--,--,,0,-1,d-1,-1,d-1,,,,,,
313,371,0,1,0,0,1,0,,0,down,dd,down,dd,,,,,,
314,372,0,2,0,0,2,0,,1,down,rd,down,rd,,,,,,
315,373,0,1,0,0,1,0,,0,down,dd,down,dd,,,,,,
316,374,--,--,--,--,--,--,,0,-1,d-1,-1,d-1,,,,,,
317,375,2,2,0,1,3,0,,0,rise,dr,down,dd,,,,,,
318,376,2,3,0,1,4,0,,1,down,rd,down,rd,,,,,,
319,377,0,2,0,0,2,0,,1,down,rd,down,rd,,,,,,
320,378,0,1,0,0,1,0,,1,down,rd,down,rd,,,,,,
321,379,0,2,0,0,2,0,,1,down,rd,down,rd,,,,,,
322,380,2,2,0,1,3,0,,0,-1,d-1,down,dd,,,,,,
323,381,2,1,0,0,3,0,,1,rise,rr,down,rd,,,,,,
324,382,1,2,0,1,2,0,,1,down,rd,down,rd,,,,,,
325,383,0,2,0,0,2,0,,0,down,dd,down,dd,,,,,,
326,384,1,4,0,1,4,0,,0,down,dd,down,dd,,,,,,
327,385,0,1,0,0,1,0,,0,down,dd,down,dd,,,,,,
328,386,0,5,0,1,4,0,,0,down,dd,down,dd,,,,,,
329,387,0,2,0,0,2,0,,0,down,dd,down,dd,,,,,,
330,388,--,--,--,--,--,--,,0,-1,d-1,-1,d-1,,,,,,
331,389,--,--,--,--,--,--,,1,-1,r-1,-1,r-1,,,,,,
332,390,0,2,0,0,2,0,,0,down,dd,down,dd,,,,,,
333,391,--,--,--,--,--,--,,0,-1,d-1,-1,d-1,,,,,,
334,392,0,1,0,0,1,0,,1,down,rd,down,rd,,,,,,
335,393,0,2,0,0,2,0,,0,down,dd,down,dd,,,,,,
336,394,0,1,0,0,1,0,,0,down,dd,down,dd,,,,,,
337,395,0,4,0,0,4,0,,1,down,rd,down,rd,,,,,,
338,396,--,--,--,--,--,--,,0,-1,d-1,-1,d-1,,,,,,
339,397,0,4,0,0,4,0,,1,down,rd,down,rd,,,,,,
340,398,0,1,0,0,1,0,,1,down,rd,down,rd,,,,,,
341,399,0,1,0,0,1,0,,0,down,dd,down,dd,,,,,,
342,400,0,2,0,0,2,0,,1,down,rd,down,rd,,,,,,
343,401,--,--,--,--,--,--,,0,-1,d-1,-1,d-1,,,,,,
344,402,--,--,--,--,--,--,,1,-1,r-1,-1,r-1,,,,,,
345,403,0,2,0,0,2,0,,1,down,rd,down,rd,,,,,,
346,404,--,--,--,--,--,--,,1,-1,r-1,-1,r-1,,,,,,
347,405,--,--,--,--,--,--,,0,-1,d-1,-1,d-1,,,,,,
348,406,0,1,0,0,1,0,,1,down,rd,down,rd,,,,,,
349,407,0,2,0,0,2,0,,0,down,dd,down,dd,,,,,,
350,408,0,1,0,0,1,0,,1,down,rd,down,rd,,,,,,
351,409,0,1,0,0,1,0,,1,down,rd,down,rd,,,,,,
352,410,--,--,--,--,--,--,,1,-1,r-1,-1,r-1,,,,,,
353,411,0,1,0,0,1,0,,0,down,dd,down,dd,,,,,,
354,412,0,5,0,1,4,0,,0,down,dd,down,dd,,,,,,
355,413,0,2,0,0,2,0,,1,down,rd,down,rd,,,,,,
356,414,0,1,0,0,1,0,,1,down,rd,down,rd,,,,,,
357,415,--,--,--,--,--,--,,1,-1,r-1,-1,r-1,,,,,,
358,416,0,2,0,0,2,0,,1,down,rd,down,rd,,,,,,
359,417,0,4,0,0,4,0,,0,down,dd,down,dd,,,,,,
360,418,0,1,0,0,1,0,,1,down,rd,down,rd,,,,,,
361,419,--,--,--,--,--,--,,0,-1,d-1,-1,d-1,,,,,,
362,420,--,--,--,--,--,--,,0,-1,d-1,-1,d-1,,,,,,
363,421,--,--,--,--,--,--,,0,-1,d-1,-1,d-1,,,,,,
364,422,--,--,--,--,--,--,,1,-1,r-1,-1,r-1,,,,,,
365,423,--,--,--,--,--,--,,1,-1,r-1,-1,r-1,,,,,,
366,424,0,1,0,0,1,0,,0,down,dd,down,dd,,,,,,
367,425,0,1,0,0,1,0,,1,down,rd,down,rd,,,,,,
368,426,0,1,0,0,1,0,,0,down,dd,down,dd,,,,,,
369,427,--,--,--,--,--,--,,0,-1,d-1,-1,d-1,,,,,,
370,428,--,--,--,--,--,--,,0,-1,d-1,-1,d-1,,,,,,
371,429,--,--,--,--,--,--,,1,-1,r-1,-1,r-1,,,,,,
372,430,0,2,0,0,2,0,,1,down,rd,down,rd,,,,,,
373,431,--,--,--,--,--,--,,0,-1,d-1,-1,d-1,,,,,,
374,432,0,4,0,0,4,0,,1,down,rd,down,rd,,,,,,
375,433,0,3,0,0,3,0,,1,down,rd,down,rd,,,,,,
376,434,0,2,0,0,2,0,,0,down,dd,down,dd,,,,,,
377,435,0,3,0,0,3,0,,0,down,dd,down,dd,,,,,,
378,436,0,2,0,0,2,0,,1,down,rd,down,rd,,,,,,
379,437,0,1,0,0,1,0,,0,down,dd,down,dd,,,,,,
380,438,--,--,--,--,--,--,,1,-1,r-1,-1,r-1,,,,,,
381,439,--,--,--,--,--,--,,1,-1,r-1,-1,r-1,,,,,,
382,440,0,1,0,0,1,0,,1,down,rd,down,rd,,,,,,
383,441,0,1,0,0,1,0,,1,down,rd,down,rd,,,,,,
384,442,0,1,0,0,1,0,,0,down,dd,down,dd,,,,,,
385,443,0,1,0,0,1,0,,1,down,rd,down,rd,,,,,,
386,444,0,2,0,0,2,0,,1,down,rd,down,rd,,,,,,
387,445,0,1,0,0,1,0,,0,down,dd,down,dd,,,,,,
388,446,--,--,--,--,--,--,,0,-1,d-1,-1,d-1,,,,,,
389,447,0,4,0,0,4,0,,0,down,dd,down,dd,,,,,,
390,448,1,1,0,1,1,0,,0,-1,d-1,-1,d-1,,,,,,
391,449,--,--,--,--,--,--,,1,-1,r-1,-1,r-1,,,,,,
392,450,0,2,0,0,2,0,,0,down,dd,down,dd,,,,,,
393,451,--,--,--,--,--,--,,0,-1,d-1,-1,d-1,,,,,,
394,452,2,3,0,2,3,0,,0,down,dd,rise,dr,,,,,,
395,453,0,3,0,0,3,0,,0,down,dd,down,dd,,,,,,
396,454,--,--,--,--,--,--,,1,-1,r-1,-1,r-1,,,,,,
397,455,3,6,0,8,1,0,,0,down,dd,rise,dr,,,,,,
398,456,--,--,--,--,--,--,,0,-1,d-1,-1,d-1,,,,,,
399,457,0,1,0,0,1,0,,1,down,rd,down,rd,,,,,,
400,458,0,1,0,0,1,0,,0,down,dd,down,dd,,,,,,
401,459,--,--,--,--,--,--,,1,-1,r-1,-1,r-1,,,,,,
402,460,0,1,0,0,1,0,,1,down,rd,down,rd,,,,,,
403,461,0,2,0,0,2,0,,0,down,dd,down,dd,,,,,,
404,462,--,--,--,--,--,--,,0,-1,d-1,-1,d-1,,,,,,
405,463,0,1,0,0,1,0,,1,down,rd,down,rd,,,,,,
406,464,0,3,0,0,3,0,,1,down,rd,down,rd,,,,,,
407,465,--,--,--,--,--,--,,1,-1,r-1,-1,r-1,,,,,,
408,466,--,--,--,--,--,--,,0,-1,d-1,-1,d-1,,,,,,
409,467,0,2,0,0,2,0,,0,down,dd,down,dd,,,,,,
410,468,--,--,--,--,--,--,,1,-1,r-1,-1,r-1,,,,,,
411,469,0,1,0,0,1,0,,0,down,dd,down,dd,,,,,,
412,470,--,--,--,--,--,--,,0,-1,d-1,-1,d-1,,,,,,
413,471,1,0,0,0,1,0,,1,rise,rr,rise,rr,,,,,,
414,472,1,0,0,0,1,0,,1,rise,rr,rise,rr,,,,,,
415,473,2,4,0,2,4,0,,1,down,rd,rise,rr,,,,,,
416,474,2,2,0,2,2,0,,0,rise,dr,rise,dr,,,,,,
417,475,2,1,0,2,1,0,,0,rise,dr,rise,dr,,,,,,
418,476,--,--,--,--,--,--,,0,-1,d-1,-1,d-1,,,,,,
419,477,--,--,--,--,--,--,,0,-1,d-1,-1,d-1,,,,,,
420,478,--,--,--,--,--,--,,1,-1,r-1,-1,r-1,,,,,,
421,479,2,1,0,2,1,0,,1,rise,rr,rise,rr,,,,,,
422,480,2,3,0,3,2,0,,0,down,dd,rise,dr,,,,,,
423,481,--,--,--,--,--,--,,0,-1,d-1,-1,d-1,,,,,,
424,482,1,0,0,0,1,0,,1,rise,rr,rise,rr,,,,,,
425,483,1,0,0,0,1,0,,0,rise,dr,rise,dr,,,,,,
426,484,1,0,0,0,1,0,,0,rise,dr,rise,dr,,,,,,
427,485,2,0,0,0,2,0,,1,-1,r-1,-1,r-1,,,,,,
428,486,2,0,0,0,2,0,,1,rise,rr,-1,r-1,,,,,,
429,487,2,0,0,0,2,0,,1,rise,rr,rise,rr,,,,,,
430,488,1,0,0,0,1,0,,0,rise,dr,rise,dr,,,,,,
431,489,--,--,--,--,--,--,,1,-1,r-1,-1,r-1,,,,,,
432,490,2,0,0,0,2,0,,1,rise,rr,-1,r-1,,,,,,
433,491,1,0,0,1,0,0,,0,rise,dr,rise,dr,,,,,,
434,492,2,3,0,1,4,0,,0,down,dd,down,dd,,,,,,
435,493,1,0,0,1,0,0,,1,rise,rr,rise,rr,,,,,,
436,494,3,1,0,2,2,0,,1,rise,rr,rise,rr,,,,,,
437,495,1,1,0,2,0,0,,0,-1,d-1,rise,dr,,,,,,
438,496,1,1,0,2,0,0,,1,-1,r-1,rise,rr,,,,,,
439,497,1,1,0,0,2,0,,1,-1,r-1,down,rd,,,,,,
440,498,2,0,0,2,0,0,,0,rise,dr,rise,dr,,,,,,
441,499,2,0,0,1,1,0,,0,rise,dr,-1,d-1,,,,,,
442,500,2,0,0,0,2,0,,1,-1,r-1,-1,r-1,,,,,,
443,501,1,0,0,1,0,0,,0,rise,dr,rise,dr,,,,,,
444,502,1,1,0,1,1,0,,0,-1,d-1,-1,d-1,,,,,,
445,503,1,0,0,1,0,0,,0,rise,dr,rise,dr,,,,,,
446,504,1,1,0,1,1,0,,0,-1,d-1,-1,d-1,,,,,,
447,505,--,--,--,--,--,--,,0,-1,d-1,-1,d-1,,,,,,
448,506,--,--,--,--,--,--,,1,-1,r-1,-1,r-1,,,,,,
449,507,1,1,0,1,1,0,,0,-1,d-1,-1,d-1,,,,,,
450,508,3,0,0,1,2,0,,0,rise,dr,down,dd,,,,,,
451,509,1,0,0,1,0,0,,0,rise,dr,rise,dr,,,,,,
452,510,1,0,0,1,0,0,,1,rise,rr,rise,rr,,,,,,
453,511,--,--,--,--,--,--,,0,-1,d-1,-1,d-1,,,,,,
454,512,--,--,--,--,--,--,,0,-1,d-1,-1,d-1,,,,,,
455,513,--,--,--,--,--,--,,0,-1,d-1,-1,d-1,,,,,,
456,514,--,--,--,--,--,--,,0,-1,d-1,-1,d-1,,,,,,
457,515,--,--,--,--,--,--,,1,-1,r-1,-1,r-1,,,,,,
458,516,--,--,--,--,--,--,,0,-1,d-1,-1,d-1,,,,,,
459,517,--,--,--,--,--,--,,1,-1,r-1,-1,r-1,,,,,,
460,518,--,--,--,--,--,--,,1,-1,r-1,-1,r-1,,,,,,
461,519,--,--,--,--,--,--,,0,-1,d-1,-1,d-1,,,,,,
462,520,1,0,0,0,1,0,,0,rise,dr,down,dd,,,,,,
463,521,2,5,0,2,5,0,,0,down,dd,down,dd,,,,,,
464,522,1,0,0,0,1,0,,1,rise,rr,down,rd,,,,,,
465,523,1,0,0,0,1,0,,0,rise,dr,down,dd,,,,,,
466,524,1,0,0,0,1,0,,1,rise,rr,down,rd,,,,,,
467,525,2,0,0,1,1,0,,0,-1,d-1,-1,d-1,,,,,,
468,526,1,0,0,1,0,0,,1,rise,rr,rise,rr,,,,,,
469,527,1,0,0,1,0,0,,0,rise,dr,rise,dr,,,,,,
470,528,2,0,0,2,0,0,,1,rise,rr,rise,rr,,,,,,
471,529,1,2,0,1,2,0,,1,down,rd,down,rd,,,,,,
472,530,1,1,0,1,1,0,,1,-1,r-1,-1,r-1,,,,,,
473,531,1,0,0,1,0,0,,1,rise,rr,rise,rr,,,,,,
474,532,2,1,0,3,0,0,,0,rise,dr,rise,dr,,,,,,
475,533,1,0,0,1,0,0,,1,rise,rr,rise,rr,,,,,,
476,534,1,0,0,1,0,0,,0,rise,dr,rise,dr,,,,,,
477,535,1,0,0,1,0,0,,1,rise,rr,rise,rr,,,,,,
478,536,2,1,0,3,0,0,,1,rise,rr,rise,rr,,,,,,
479,537,--,--,--,--,--,--,,0,-1,d-1,-1,d-1,,,,,,
480,538,3,1,0,4,0,0,,0,rise,dr,rise,dr,,,,,,
481,539,3,0,0,3,0,0,,0,rise,dr,rise,dr,,,,,,
482,540,1,0,0,1,0,0,,1,rise,rr,rise,rr,,,,,,
483,541,--,--,--,--,--,--,,0,-1,d-1,-1,d-1,,,,,,
484,542,4,3,0,6,1,0,,0,rise,dr,rise,dr,,,,,,
485,543,2,0,0,2,0,0,,0,rise,dr,rise,dr,,,,,,
486,544,--,--,--,--,--,--,,1,-1,r-1,-1,r-1,,,,,,
487,545,1,0,0,1,0,0,,1,rise,rr,rise,rr,,,,,,
488,546,2,0,0,1,1,0,,0,-1,d-1,-1,d-1,,,,,,
489,547,2,1,0,3,0,0,,0,rise,dr,rise,dr,,,,,,
490,548,2,1,0,3,0,0,,0,rise,dr,rise,dr,,,,,,
491,549,--,--,--,--,--,--,,0,-1,d-1,-1,d-1,,,,,,
492,550,2,0,0,1,1,0,,1,rise,rr,-1,r-1,,,,,,
493,551,--,--,--,--,--,--,,0,-1,d-1,-1,d-1,,,,,,
494,552,1,0,0,1,0,0,,1,rise,rr,rise,rr,,,,,,
495,553,4,0,0,4,0,0,,1,rise,rr,rise,rr,,,,,,
496,554,3,0,0,2,1,0,,0,rise,dr,rise,dr,,,,,,
497,555,1,0,0,1,0,0,,1,rise,rr,rise,rr,,,,,,
498,556,1,0,0,1,0,0,,0,rise,dr,rise,dr,,,,,,
499,557,4,0,0,3,1,0,,0,rise,dr,rise,dr,,,,,,
500,558,--,--,--,--,--,--,,0,-1,d-1,-1,d-1,,,,,,
501,559,--,--,--,--,--,--,,0,-1,d-1,-1,d-1,,,,,,
502,560,6,3,0,4,5,0,,0,rise,dr,rise,dr,,,,,,
503,561,1,0,0,1,0,0,,0,rise,dr,rise,dr,,,,,,
504,562,1,0,0,1,0,0,,1,rise,rr,rise,rr,,,,,,
505,563,--,--,--,--,--,--,,1,-1,r-1,-1,r-1,,,,,,
506,564,2,1,0,2,1,0,,0,rise,dr,rise,dr,,,,,,
507,565,2,1,0,3,0,0,,0,rise,dr,rise,dr,,,,,,
508,566,1,0,0,1,0,0,,1,rise,rr,rise,rr,,,,,,
509,567,1,0,0,1,0,0,,0,rise,dr,rise,dr,,,,,,
510,568,2,3,0,3,2,0,,1,down,rd,rise,rr,,,,,,
511,569,1,1,0,1,1,0,,1,rise,rr,-1,r-1,,,,,,
512,570,2,2,0,3,1,0,,1,-1,r-1,rise,rr,,,,,,
513,571,1,0,0,1,0,0,,0,rise,dr,rise,dr,,,,,,
514,572,1,0,0,1,0,0,,1,rise,rr,rise,rr,,,,,,
515,573,4,0,0,4,0,0,,0,rise,dr,rise,dr,,,,,,
516,574,--,--,--,--,--,--,,0,-1,d-1,-1,d-1,,,,,,
517,575,--,--,--,--,--,--,,0,-1,d-1,-1,d-1,,,,,,
518,576,1,0,0,1,0,0,,1,rise,rr,rise,rr,,,,,,
519,577,1,0,0,1,0,0,,1,rise,rr,rise,rr,,,,,,
520,578,1,0,0,1,0,0,,1,rise,rr,rise,rr,,,,,,
521,579,--,--,--,--,--,--,,0,-1,d-1,-1,d-1,,,,,,
522,580,--,--,--,--,--,--,,1,-1,r-1,-1,r-1,,,,,,
523,581,--,--,--,--,--,--,,1,-1,r-1,-1,r-1,,,,,,
524,582,--,--,--,--,--,--,,0,-1,d-1,-1,d-1,,,,,,
525,583,--,--,--,--,--,--,,0,-1,d-1,-1,d-1,,,,,,
526,584,1,1,0,2,0,0,,0,-1,d-1,rise,dr,,,,,,
527,585,--,--,--,--,--,--,,1,-1,r-1,-1,r-1,,,,,,
528,586,1,0,0,1,0,0,,1,rise,rr,rise,rr,,,,,,
529,587,1,0,0,1,0,0,,1,rise,rr,rise,rr,,,,,,
530,588,--,--,--,--,--,--,,0,-1,d-1,-1,d-1,,,,,,
531,589,3,0,0,3,0,0,,1,rise,rr,rise,rr,,,,,,
532,590,--,--,--,--,--,--,,0,-1,d-1,-1,d-1,,,,,,
533,591,1,0,0,1,0,0,,0,rise,dr,rise,dr,,,,,,
534,592,1,0,0,1,0,0,,1,rise,rr,rise,rr,,,,,,
535,593,1,1,0,1,1,0,,0,rise,dr,-1,d-1,,,,,,
536,594,2,1,0,2,1,0,,0,rise,dr,rise,dr,,,,,,
537,595,2,0,0,2,0,0,,0,rise,dr,rise,dr,,,,,,
538,596,--,--,--,--,--,--,,0,-1,d-1,-1,d-1,,,,,,
539,597,--,--,--,--,--,--,,0,-1,d-1,-1,d-1,,,,,,
540,598,2,1,0,2,1,0,,0,rise,dr,rise,dr,,,,,,
541,599,1,1,0,2,0,0,,1,-1,r-1,rise,rr,,,,,,
542,600,1,0,0,1,0,0,,0,rise,dr,rise,dr,,,,,,
543,601,--,--,--,--,--,--,,0,-1,d-1,-1,d-1,,,,,,
544,602,--,--,--,--,--,--,,0,-1,d-1,-1,d-1,,,,,,
545,603,--,--,--,--,--,--,,0,-1,d-1,-1,d-1,,,,,,
546,604,1,0,0,1,0,0,,1,rise,rr,rise,rr,,,,,,
547,605,3,2,0,4,1,0,,1,rise,rr,rise,rr,,,,,,
548,606,3,0,0,3,0,0,,1,rise,rr,rise,rr,,,,,,
549,607,3,2,0,5,0,0,,0,rise,dr,rise,dr,,,,,,
550,608,4,1,0,4,1,0,,0,rise,dr,rise,dr,,,,,,
551,609,3,0,0,3,0,0,,0,rise,dr,rise,dr,,,,,,
552,610,2,0,0,2,0,0,,1,rise,rr,rise,rr,,,,,,
553,611,3,2,0,3,2,0,,0,rise,dr,rise,dr,,,,,,
554,612,6,5,0,7,4,0,,1,down,rd,down,rd,,,,,,
555,613,5,7,0,7,5,0,,0,-1,d-1,rise,dr,,,,,,
556,614,2,6,0,5,3,0,,1,down,rd,-1,r-1,,,,,,
557,615,4,1,0,5,0,0,,1,rise,rr,rise,rr,,,,,,
558,616,4,0,0,4,0,0,,0,rise,dr,rise,dr,,,,,,
559,617,1,1,0,1,1,0,,1,-1,r-1,-1,r-1,,,,,,
560,618,1,0,0,1,0,0,,0,rise,dr,rise,dr,,,,,,
561,619,1,0,0,1,0,0,,1,rise,rr,rise,rr,,,,,,
562,620,1,0,0,1,0,0,,0,rise,dr,rise,dr,,,,,,
563,621,1,0,0,1,0,0,,0,rise,dr,rise,dr,,,,,,
564,622,--,--,--,--,--,--,,0,-1,d-1,-1,d-1,,,,,,
565,623,2,0,0,2,0,0,,1,rise,rr,rise,rr,,,,,,
566,624,8,2,0,10,0,0,,1,rise,rr,rise,rr,,,,,,
567,625,5,2,0,7,0,0,,1,rise,rr,rise,rr,,,,,,
568,626,2,1,0,2,1,0,,0,rise,dr,rise,dr,,,,,,
569,627,3,3,0,6,0,0,,0,rise,dr,rise,dr,,,,,,
570,628,2,3,0,1,4,0,,1,down,rd,down,rd,,,,,,
571,629,4,1,0,4,1,0,,0,rise,dr,rise,dr,,,,,,
572,630,6,3,0,9,0,0,,1,rise,rr,rise,rr,,,,,,
573,631,7,6,0,6,7,0,,0,rise,dr,down,dd,,,,,,
574,632,8,3,0,5,6,0,,1,rise,rr,down,rd,,,,,,
575,633,0,2,0,0,2,0,,1,down,rd,down,rd,,,,,,
576,634,0,1,0,0,1,0,,0,down,dd,down,dd,,,,,,
577,635,--,--,--,--,--,--,,0,-1,d-1,-1,d-1,,,,,,
578,636,--,--,--,--,--,--,,0,-1,d-1,-1,d-1,,,,,,
579,637,--,--,--,--,--,--,,1,-1,r-1,-1,r-1,,,,,,
580,638,0,1,0,0,1,0,,0,down,dd,down,dd,,,,,,
581,639,1,2,0,0,3,0,,0,down,dd,down,dd,,,,,,
582,640,0,2,0,0,2,0,,0,down,dd,down,dd,,,,,,
583,641,--,--,--,--,--,--,,0,-1,d-1,-1,d-1,,,,,,
584,642,1,2,0,0,3,0,,0,down,dd,down,dd,,,,,,
585,643,1,4,0,1,4,0,,1,down,rd,down,rd,,,,,,
586,644,0,2,0,0,2,0,,1,down,rd,down,rd,,,,,,
587,645,0,5,0,0,5,0,,0,down,dd,down,dd,,,,,,
588,646,0,4,0,0,4,0,,0,down,dd,down,dd,,,,,,
589,647,1,4,0,1,4,0,,1,down,rd,down,rd,,,,,,
590,648,4,2,0,2,4,0,,1,rise,rr,down,rd,,,,,,
591,649,1,2,0,0,3,0,,0,rise,dr,down,dd,,,,,,
592,650,1,3,0,0,4,0,,0,rise,dr,down,dd,,,,,,
593,651,3,0,0,0,3,0,,0,rise,dr,down,dd,,,,,,
594,652,0,1,0,0,1,0,,1,down,rd,down,rd,,,,,,
595,653,2,5,0,1,6,0,,1,down,rd,down,rd,,,,,,
596,654,1,2,0,1,2,0,,1,down,rd,down,rd,,,,,,
597,655,1,0,0,0,1,0,,0,rise,dr,down,dd,,,,,,
598,656,1,0,0,0,1,0,,0,rise,dr,down,dd,,,,,,
599,657,1,0,0,0,1,0,,1,rise,rr,down,rd,,,,,,
600,658,2,2,0,2,2,0,,0,down,dd,-1,d-1,,,,,,
601,659,3,5,0,3,5,0,,0,-1,d-1,down,dd,,,,,,
602,660,1,1,0,1,1,0,,1,-1,r-1,-1,r-1,,,,,,
603,661,1,1,0,1,1,0,,0,-1,d-1,-1,d-1,,,,,,
604,662,1,0,0,0,1,0,,1,rise,rr,down,rd,,,,,,
605,663,1,1,0,1,1,0,,1,-1,r-1,-1,r-1,,,,,,
606,664,1,4,0,1,4,0,,0,rise,dr,rise,dr,,,,,,
607,665,2,0,0,0,2,0,,1,rise,rr,down,rd,,,,,,
608,666,1,0,0,0,1,0,,1,rise,rr,down,rd,,,,,,
609,667,1,0,0,0,1,0,,0,rise,dr,down,dd,,,,,,
610,668,2,1,0,0,3,0,,0,rise,dr,down,dd,,,,,,
611,669,1,0,0,0,1,0,,1,rise,rr,down,rd,,,,,,
612,670,--,--,--,--,--,--,,1,-1,r-1,-1,r-1,,,,,,
613,671,--,--,--,--,--,--,,0,-1,d-1,-1,d-1,,,,,,
614,672,2,0,0,0,2,0,,1,rise,rr,down,rd,,,,,,
615,673,1,0,0,0,1,0,,0,rise,dr,down,dd,,,,,,
616,674,6,2,0,2,6,0,,0,rise,dr,down,dd,,,,,,
617,675,3,1,0,2,2,0,,0,rise,dr,-1,d-1,,,,,,
618,676,3,1,0,1,3,0,,0,rise,dr,down,dd,,,,,,
619,677,4,5,0,3,6,0,,0,down,dd,down,dd,,,,,,
620,678,5,2,0,1,6,0,,1,rise,rr,down,rd,,,,,,
621,679,2,1,0,0,3,0,,1,rise,rr,down,rd,,,,,,
622,680,1,1,0,0,2,0,,1,-1,r-1,down,rd,,,,,,
623,681,6,2,0,2,6,0,,1,-1,r-1,down,rd,,,,,,
624,682,1,0,0,0,1,0,,1,rise,rr,down,rd,,,,,,
625,683,--,--,--,--,--,--,,0,-1,d-1,-1,d-1,,,,,,
626,684,--,--,--,--,--,--,,0,-1,d-1,-1,d-1,,,,,,
627,685,3,1,0,3,1,0,,0,rise,dr,rise,dr,,,,,,
628,686,2,2,0,0,4,0,,0,-1,d-1,down,dd,,,,,,
629,687,2,1,0,1,2,0,,0,rise,dr,down,dd,,,,,,
630,688,4,1,0,0,5,0,,0,rise,dr,down,dd,,,,,,
631,689,4,4,0,2,6,0,,1,down,rd,down,rd,,,,,,
632,690,2,2,0,1,3,0,,0,-1,d-1,down,dd,,,,,,
633,691,2,5,0,2,5,0,,1,down,rd,down,rd,,,,,,
634,692,2,5,0,1,6,0,,0,down,dd,down,dd,,,,,,
635,693,0,2,0,0,2,0,,1,down,rd,down,rd,,,,,,
636,694,7,1,0,3,5,0,,1,down,rd,-1,r-1,,,,,,
637,695,7,2,0,6,3,0,,0,rise,dr,rise,dr,,,,,,
638,696,3,2,0,2,3,0,,1,rise,rr,down,rd,,,,,,
639,697,3,1,0,2,2,0,,0,down,dd,-1,d-1,,,,,,
640,698,1,0,0,1,0,0,,0,rise,dr,rise,dr,,,,,,
641,699,3,0,0,1,2,0,,1,rise,rr,down,rd,,,,,,
642,700,2,0,0,1,1,0,,0,rise,dr,-1,d-1,,,,,,
643,701,3,2,0,1,4,0,,0,down,dd,down,dd,,,,,,
644,702,3,1,0,1,3,0,,1,rise,rr,down,rd,,,,,,
645,703,2,2,0,2,2,0,,0,down,dd,-1,d-1,,,,,,
646,704,2,0,0,0,2,0,,1,rise,rr,down,rd,,,,,,
647,705,3,0,0,2,1,0,,1,rise,rr,rise,rr,,,,,,
648,706,4,3,0,3,4,0,,0,rise,dr,down,dd,,,,,,
649,707,2,2,0,2,2,0,,0,-1,d-1,down,dd,,,,,,
650,708,2,2,0,2,2,0,,0,-1,d-1,-1,d-1,,,,,,
651,709,3,1,0,3,1,0,,1,rise,rr,-1,r-1,,,,,,
652,710,2,0,0,2,0,0,,1,rise,rr,rise,rr,,,,,,
653,711,2,0,0,1,1,0,,1,rise,rr,-1,r-1,,,,,,
654,712,3,1,0,1,3,0,,0,rise,dr,down,dd,,,,,,
655,713,3,1,0,2,2,0,,1,rise,rr,-1,r-1,,,,,,
656,714,3,0,0,2,1,0,,1,rise,rr,rise,rr,,,,,,
657,715,3,0,0,1,2,0,,1,rise,rr,down,rd,,,,,,
658,716,6,1,0,4,3,0,,0,rise,dr,rise,dr,,,,,,
659,717,2,2,0,1,3,0,,0,down,dd,down,dd,,,,,,
660,718,2,2,0,2,2,0,,1,-1,r-1,-1,r-1,,,,,,
661,719,3,3,0,2,4,0,,0,-1,d-1,down,dd,,,,,,
662,720,4,3,0,2,5,0,,0,down,dd,down,dd,,,,,,
663,721,3,0,0,3,0,0,,1,rise,rr,rise,rr,,,,,,
664,722,4,0,0,2,2,0,,1,rise,rr,-1,r-1,,,,,,
665,723,1,1,0,1,1,0,,0,-1,d-1,-1,d-1,,,,,,
666,724,1,0,0,1,0,0,,0,rise,dr,rise,dr,,,,,,
667,725,--,--,--,--,--,--,,0,-1,d-1,-1,d-1,,,,,,
668,726,3,1,0,3,1,0,,1,rise,rr,rise,rr,,,,,,
669,727,--,--,--,--,--,--,,0,-1,d-1,-1,d-1,,,,,,
670,728,2,0,0,2,0,0,,0,rise,dr,rise,dr,,,,,,
671,729,2,0,0,2,0,0,,0,rise,dr,rise,dr,,,,,,
672,730,2,1,0,1,2,0,,1,rise,rr,down,rd,,,,,,
673,731,2,1,0,1,2,0,,0,rise,dr,down,dd,,,,,,
674,732,2,0,0,2,0,0,,0,rise,dr,rise,dr,,,,,,
675,733,2,1,0,3,0,0,,1,rise,rr,rise,rr,,,,,,
676,734,1,0,0,1,0,0,,1,rise,rr,rise,rr,,,,,,
677,735,--,--,--,--,--,--,,,,,,,,,,,,
678,736,2,0,0,2,0,0,,,,,,,,,,,,
679,737,3,0,0,2,1,0,,,,,,,,,,,,
680,58,2,4,0,1,5,0,,,,,,,,,,,,
681,59,1,2,0,0,3,0,,,,,,,,,,,,
682,60,0,5,0,0,5,0,,,,,,,,,,,,
683,61,1,2,0,1,2,0,,,,,,,,,,,,
684,62,1,0,1,1,0,1,,,,,,,,,,,,
685,63,1,2,0,0,3,0,,,,,,,,,,,,
686,64,4,5,0,4,5,0,,,,,,,,,,,,
687,65,1,1,0,1,1,0,,,,,,,,,,,,
688,66,3,3,0,3,3,0,,,,,,,,,,,,
689,67,0,1,0,0,1,0,,,,,,,,,,,,
690,68,0,1,0,0,1,0,,,,,,,,,,,,
691,69,0,1,0,0,1,0,,,,,,,,,,,,
692,70,0,1,0,0,1,0,,,,,,,,,,,,
693,71,0,1,0,0,1,0,,,,,,,,,,,,
694,72,0,1,0,0,1,0,,,,,,,,,,,,
695,73,1,4,0,1,4,0,,,,,,,,,,,,
696,74,0,4,0,0,4,0,,,,,,,,,,,,
697,75,0,2,0,0,2,0,,,,,,,,,,,,
698,76,0,6,0,0,6,0,,,,,,,,,,,,
699,77,0,5,0,0,5,0,,,,,,,,,,,,
700,78,0,3,0,0,3,0,,,,,,,,,,,,
701,79,0,1,0,0,1,0,,,,,,,,,,,,
702,80,1,4,0,0,5,0,,,,,,,,,,,,
703,81,0,4,0,0,4,0,,,,,,,,,,,,
704,82,1,2,0,1,2,0,,,,,,,,,,,,
705,83,0,1,0,0,1,0,,,,,,,,,,,,
706,84,0,2,0,0,2,0,,,,,,,,,,,,
707,85,0,2,0,0,2,0,,,,,,,,,,,,
708,86,3,3,0,3,3,0,,,,,,,,,,,,
709,87,1,3,0,1,3,0,,,,,,,,,,,,
710,88,1,1,0,1,1,0,,,,,,,,,,,,
711,89,0,2,0,0,2,0,,,,,,,,,,,,
712,90,2,2,0,2,2,0,,,,,,,,,,,,
713,91,1,2,0,0,3,0,,,,,,,,,,,,
714,92,0,2,0,0,2,0,,,,,,,,,,,,
715,93,--,--,--,--,--,--,,,,,,,,,,,,
716,94,0,2,0,0,2,0,,,,,,,,,,,,
717,95,0,2,0,0,2,0,,,,,,,,,,,,
718,96,1,1,0,1,1,0,,,,,,,,,,,,
719,97,1,3,0,1,3,0,,,,,,,,,,,,
720,98,0,2,0,0,2,0,,,,,,,,,,,,
721,99,0,2,0,0,2,0,,,,,,,,,,,,
722,100,3,1,0,2,2,0,,,,,,,,,,,,
723,101,2,2,0,1,3,0,,,,,,,,,,,,
724,102,3,1,0,1,3,0,,,,,,,,,,,,
725,103,2,3,0,2,3,0,,,,,,,,,,,,
726,104,1,1,0,0,2,0,,,,,,,,,,,,
727,105,1,4,0,0,5,0,,,,,,,,,,,,
728,106,1,2,0,0,3,0,,,,,,,,,,,,
729,107,4,1,0,2,3,0,,,,,,,,,,,,
730,108,1,2,0,0,3,0,,,,,,,,,,,,
731,109,2,1,0,0,3,0,,,,,,,,,,,,
732,110,0,2,0,0,2,0,,,,,,,,,,,,
733,111,0,2,0,0,2,0,,,,,,,,,,,,
734,112,1,1,0,0,2,0,,,,,,,,,,,,
735,113,--,--,--,--,--,--,,,,,,,,,,,,
736,114,1,5,0,0,6,0,,,,,,,,,,,,
737,115,0,2,0,0,2,0,,,,,,,,,,,,
738,116,0,1,0,0,1,0,,,,,,,,,,,,
739,117,2,2,0,1,3,0,,,,,,,,,,,,
740,118,4,4,0,2,6,0,,,,,,,,,,,,
741,119,2,2,0,1,3,0,,,,,,,,,,,,
742,120,3,3,0,2,4,0,,,,,,,,,,,,
743,121,3,2,0,0,5,0,,,,,,,,,,,,
744,122,0,4,0,0,4,0,,,,,,,,,,,,
745,123,3,2,0,3,2,0,,,,,,,,,,,,
746,124,5,5,0,3,7,0,,,,,,,,,,,,
747,125,2,1,0,1,2,0,,,,,,,,,,,,
748,126,0,1,0,0,1,0,,,,,,,,,,,,
749,127,2,2,0,2,2,0,,,,,,,,,,,,
750,128,7,1,0,2,6,0,,,,,,,,,,,,
751,129,0,1,0,0,1,0,,,,,,,,,,,,
752,130,1,2,0,1,2,0,,,,,,,,,,,,
753,131,0,3,0,0,3,0,,,,,,,,,,,,
754,132,0,2,0,1,1,0,,,,,,,,,,,,
755,133,1,2,0,0,3,0,,,,,,,,,,,,
756,134,0,1,0,0,1,0,,,,,,,,,,,,
757,135,0,1,0,0,1,0,,,,,,,,,,,,
758,136,3,3,0,3,3,0,,,,,,,,,,,,
759,137,2,4,0,3,3,0,,,,,,,,,,,,
760,138,0,2,0,0,2,0,,,,,,,,,,,,
761,139,3,3,0,4,2,0,,,,,,,,,,,,
762,140,0,2,0,0,2,0,,,,,,,,,,,,
763,141,0,4,0,0,4,0,,,,,,,,,,,,
764,142,2,3,0,2,3,0,,,,,,,,,,,,
765,143,1,2,0,1,2,0,,,,,,,,,,,,
766,144,1,2,0,1,2,0,,,,,,,,,,,,
767,145,0,1,0,0,1,0,,,,,,,,,,,,
768,146,--,--,--,--,--,--,,,,,,,,,,,,
769,147,0,1,0,0,1,0,,,,,,,,,,,,
770,148,--,--,--,--,--,--,,,,,,,,,,,,
771,149,0,1,0,0,1,0,,,,,,,,,,,,
772,150,0,1,0,0,1,0,,,,,,,,,,,,
773,151,2,2,0,2,2,0,,,,,,,,,,,,
774,152,--,--,--,--,--,--,,,,,,,,,,,,
775,153,0,1,0,0,1,0,,,,,,,,,,,,
776,154,0,2,0,0,2,0,,,,,,,,,,,,
777,155,3,2,0,3,2,0,,,,,,,,,,,,
778,156,0,1,0,0,1,0,,,,,,,,,,,,
779,157,2,1,0,2,1,0,,,,,,,,,,,,
780,158,1,1,0,1,1,0,,,,,,,,,,,,
781,159,1,5,0,2,4,0,,,,,,,,,,,,
782,160,2,2,0,2,2,0,,,,,,,,,,,,
783,161,0,1,0,0,1,0,,,,,,,,,,,,
784,162,1,1,0,0,2,0,,,,,,,,,,,,
785,163,1,3,0,1,3,0,,,,,,,,,,,,
786,164,1,4,0,1,4,0,,,,,,,,,,,,
787,165,0,2,0,0,2,0,,,,,,,,,,,,
788,166,0,2,0,1,1,0,,,,,,,,,,,,
789,167,0,2,0,1,1,0,,,,,,,,,,,,
790,168,0,2,0,0,2,0,,,,,,,,,,,,
791,169,0,3,0,1,2,0,,,,,,,,,,,,
792,170,0,2,0,0,2,0,,,,,,,,,,,,
793,171,--,--,--,--,--,--,,,,,,,,,,,,
794,172,0,3,0,1,2,0,,,,,,,,,,,,
795,173,0,1,0,0,1,0,,,,,,,,,,,,
796,174,0,1,0,0,1,0,,,,,,,,,,,,
797,175,0,2,0,1,1,0,,,,,,,,,,,,
798,176,0,1,0,0,1,0,,,,,,,,,,,,
799,177,--,--,--,--,--,--,,,,,,,,,,,,
800,178,0,1,0,0,1,0,,,,,,,,,,,,
801,179,1,3,0,1,3,0,,,,,,,,,,,,
802,180,0,4,0,1,3,0,,,,,,,,,,,,
803,181,3,1,0,1,3,0,,,,,,,,,,,,
804,182,3,2,0,3,2,0,,,,,,,,,,,,
805,183,0,3,0,0,3,0,,,,,,,,,,,,
806,184,1,4,0,1,4,0,,,,,,,,,,,,
807,185,1,3,0,1,3,0,,,,,,,,,,,,
808,186,0,1,0,0,1,0,,,,,,,,,,,,
809,187,0,1,0,0,1,0,,,,,,,,,,,,
810,188,0,1,0,0,1,0,,,,,,,,,,,,
811,189,0,2,0,0,2,0,,,,,,,,,,,,
812,190,0,2,0,0,2,0,,,,,,,,,,,,
813,191,1,2,0,1,2,0,,,,,,,,,,,,
814,192,0,1,0,0,1,0,,,,,,,,,,,,
815,193,0,2,0,0,2,0,,,,,,,,,,,,
816,194,0,2,0,0,2,0,,,,,,,,,,,,
817,195,1,2,0,1,2,0,,,,,,,,,,,,
818,196,1,6,0,3,4,0,,,,,,,,,,,,
819,197,2,1,0,2,1,0,,,,,,,,,,,,
820,198,--,--,--,--,--,--,,,,,,,,,,,,
821,199,0,2,0,1,1,0,,,,,,,,,,,,
822,200,1,2,0,1,2,0,,,,,,,,,,,,
823,201,1,0,0,0,1,0,,,,,,,,,,,,
824,202,0,3,0,1,2,0,,,,,,,,,,,,
825,203,--,--,--,--,--,--,,,,,,,,,,,,
826,204,3,2,0,2,3,0,,,,,,,,,,,,
827,205,2,2,0,3,1,0,,,,,,,,,,,,
828,206,4,1,0,2,3,0,,,,,,,,,,,,
829,207,0,3,0,0,3,0,,,,,,,,,,,,
830,208,1,2,0,1,2,0,,,,,,,,,,,,
831,209,3,5,0,3,5,0,,,,,,,,,,,,
832,210,0,2,0,1,1,0,,,,,,,,,,,,
833,211,0,3,0,0,3,0,,,,,,,,,,,,
834,212,1,0,0,0,1,0,,,,,,,,,,,,
835,213,1,3,0,1,3,0,,,,,,,,,,,,
836,214,1,2,0,1,2,0,,,,,,,,,,,,
837,215,1,1,0,0,2,0,,,,,,,,,,,,
838,216,1,3,0,2,2,0,,,,,,,,,,,,
839,217,1,3,0,1,3,0,,,,,,,,,,,,
840,218,1,0,0,0,1,0,,,,,,,,,,,,
841,219,--,--,--,--,--,--,,,,,,,,,,,,
842,220,2,1,0,1,2,0,,,,,,,,,,,,
843,221,3,3,0,2,4,0,,,,,,,,,,,,
844,222,1,0,0,0,1,0,,,,,,,,,,,,
845,223,1,1,0,1,1,0,,,,,,,,,,,,
846,224,--,--,--,--,--,--,,,,,,,,,,,,
847,225,1,0,0,0,1,0,,,,,,,,,,,,
848,226,3,1,0,2,2,0,,,,,,,,,,,,
849,227,1,0,0,0,1,0,,,,,,,,,,,,
850,228,3,0,0,1,2,0,,,,,,,,,,,,
851,229,4,1,0,3,2,0,,,,,,,,,,,,
852,230,1,0,0,0,1,0,,,,,,,,,,,,
853,231,1,0,0,0,1,0,,,,,,,,,,,,
854,232,2,1,0,0,3,0,,,,,,,,,,,,
855,233,0,4,0,2,2,0,,,,,,,,,,,,
856,234,1,1,0,1,1,0,,,,,,,,,,,,
857,235,--,--,--,--,--,--,,,,,,,,,,,,
858,236,1,4,0,1,4,0,,,,,,,,,,,,
859,237,0,4,0,0,4,0,,,,,,,,,,,,
860,238,1,0,0,0,1,0,,,,,,,,,,,,
861,239,1,2,0,0,3,0,,,,,,,,,,,,
862,240,1,0,0,0,1,0,,,,,,,,,,,,
863,241,1,0,0,0,1,0,,,,,,,,,,,,
864,242,1,1,0,0,2,0,,,,,,,,,,,,
865,243,1,1,0,0,2,0,,,,,,,,,,,,
866,244,1,0,0,0,1,0,,,,,,,,,,,,
867,245,1,0,0,0,1,0,,,,,,,,,,,,
868,246,1,1,0,0,2,0,,,,,,,,,,,,
869,247,1,1,0,0,2,0,,,,,,,,,,,,
870,248,2,1,0,1,2,0,,,,,,,,,,,,
871,249,1,4,0,3,2,0,,,,,,,,,,,,
872,250,1,0,0,0,1,0,,,,,,,,,,,,
873,251,--,--,--,--,--,--,,,,,,,,,,,,
874,252,1,0,0,0,1,0,,,,,,,,,,,,
875,253,1,0,0,0,1,0,,,,,,,,,,,,
876,254,2,6,0,3,5,0,,,,,,,,,,,,
877,255,2,2,0,1,3,0,,,,,,,,,,,,
878,256,--,--,--,--,--,--,,,,,,,,,,,,
879,257,2,1,0,0,3,0,,,,,,,,,,,,
880,258,1,0,0,0,1,0,,,,,,,,,,,,
881,259,1,0,0,0,1,0,,,,,,,,,,,,
882,260,2,1,0,1,2,0,,,,,,,,,,,,
883,261,2,7,0,3,6,0,,,,,,,,,,,,
884,262,0,2,0,0,2,0,,,,,,,,,,,,
885,263,--,--,--,--,--,--,,,,,,,,,,,,
886,264,0,2,0,0,2,0,,,,,,,,,,,,
887,265,0,1,0,0,1,0,,,,,,,,,,,,
888,266,0,1,0,0,1,0,,,,,,,,,,,,
889,267,0,3,0,0,3,0,,,,,,,,,,,,
890,268,--,--,--,--,--,--,,,,,,,,,,,,
891,269,--,--,--,--,--,--,,,,,,,,,,,,
892,270,--,--,--,--,--,--,,,,,,,,,,,,
893,271,1,2,0,1,2,0,,,,,,,,,,,,
894,272,0,2,0,0,2,0,,,,,,,,,,,,
895,273,2,1,0,0,3,0,,,,,,,,,,,,
896,274,1,1,0,0,2,0,,,,,,,,,,,,
897,275,0,3,0,1,2,0,,,,,,,,,,,,
898,276,--,--,--,--,--,--,,,,,,,,,,,,
899,277,1,1,0,0,2,0,,,,,,,,,,,,
900,278,0,1,0,0,1,0,,,,,,,,,,,,
901,279,0,2,0,0,2,0,,,,,,,,,,,,
902,280,--,--,--,--,--,--,,,,,,,,,,,,
903,281,0,1,0,0,1,0,,,,,,,,,,,,
904,282,--,--,--,--,--,--,,,,,,,,,,,,
905,283,0,1,0,0,1,0,,,,,,,,,,,,
906,284,1,3,0,1,3,0,,,,,,,,,,,,
907,285,0,3,0,0,3,0,,,,,,,,,,,,
908,286,0,4,0,1,3,0,,,,,,,,,,,,
909,287,--,--,--,--,--,--,,,,,,,,,,,,
910,288,0,1,0,0,1,0,,,,,,,,,,,,
911,289,0,2,0,0,2,0,,,,,,,,,,,,
912,290,0,1,0,0,1,0,,,,,,,,,,,,
913,291,0,1,0,0,1,0,,,,,,,,,,,,
914,292,--,--,--,--,--,--,,,,,,,,,,,,
915,293,1,2,0,1,2,0,,,,,,,,,,,,
916,294,1,3,0,2,2,0,,,,,,,,,,,,
917,295,--,--,--,--,--,--,,,,,,,,,,,,
918,296,2,1,0,1,2,0,,,,,,,,,,,,
919,297,0,1,0,0,1,0,,,,,,,,,,,,
920,298,0,1,0,0,1,0,,,,,,,,,,,,
921,299,0,2,0,1,1,0,,,,,,,,,,,,
922,300,0,1,0,0,1,0,,,,,,,,,,,,
923,301,0,3,0,0,3,0,,,,,,,,,,,,
924,302,1,2,0,0,3,0,,,,,,,,,,,,
925,303,0,1,0,0,1,0,,,,,,,,,,,,
926,304,0,1,0,0,1,0,,,,,,,,,,,,
927,305,--,--,--,--,--,--,,,,,,,,,,,,
928,306,0,6,0,1,5,0,,,,,,,,,,,,
929,307,0,1,0,0,1,0,,,,,,,,,,,,
930,308,0,1,0,0,1,0,,,,,,,,,,,,
931,309,0,2,0,0,2,0,,,,,,,,,,,,
932,310,0,1,0,0,1,0,,,,,,,,,,,,
933,311,0,2,0,0,2,0,,,,,,,,,,,,
934,312,--,--,--,--,--,--,,,,,,,,,,,,
935,313,--,--,--,--,--,--,,,,,,,,,,,,
936,314,0,3,0,0,3,0,,,,,,,,,,,,
937,315,--,--,--,--,--,--,,,,,,,,,,,,
938,316,--,--,--,--,--,--,,,,,,,,,,,,
939,317,0,1,0,0,1,0,,,,,,,,,,,,
940,318,--,--,--,--,--,--,,,,,,,,,,,,
941,319,--,--,--,--,--,--,,,,,,,,,,,,
942,320,0,2,0,1,1,0,,,,,,,,,,,,
943,321,--,--,--,--,--,--,,,,,,,,,,,,
944,322,--,--,--,--,--,--,,,,,,,,,,,,
945,323,--,--,--,--,--,--,,,,,,,,,,,,
946,324,0,2,0,0,2,0,,,,,,,,,,,,
947,325,0,1,0,0,1,0,,,,,,,,,,,,
948,326,0,1,0,0,1,0,,,,,,,,,,,,
949,327,3,3,0,3,3,0,,,,,,,,,,,,
950,328,--,--,--,--,--,--,,,,,,,,,,,,
951,329,0,1,0,0,1,0,,,,,,,,,,,,
952,330,--,--,--,--,--,--,,,,,,,,,,,,
953,331,1,2,0,0,3,0,,,,,,,,,,,,
954,332,0,1,0,0,1,0,,,,,,,,,,,,
955,333,0,2,0,0,2,0,,,,,,,,,,,,
956,334,0,3,0,0,3,0,,,,,,,,,,,,
957,335,0,1,0,0,1,0,,,,,,,,,,,,
958,336,1,2,0,0,3,0,,,,,,,,,,,,
959,337,2,4,0,2,4,0,,,,,,,,,,,,
960,338,1,1,0,1,1,0,,,,,,,,,,,,
961,339,2,1,0,1,2,0,,,,,,,,,,,,
962,340,0,1,0,0,1,0,,,,,,,,,,,,
963,341,5,3,0,5,3,0,,,,,,,,,,,,
964,342,2,1,0,1,2,0,,,,,,,,,,,,
965,343,2,1,0,1,2,0,,,,,,,,,,,,
966,344,3,2,0,1,4,0,,,,,,,,,,,,
967,345,2,1,0,2,1,0,,,,,,,,,,,,
968,346,2,3,0,1,4,0,,,,,,,,,,,,
969,347,0,1,0,0,1,0,,,,,,,,,,,,
970,348,1,2,0,1,2,0,,,,,,,,,,,,
971,349,0,1,0,0,1,0,,,,,,,,,,,,
972,350,1,2,0,0,3,0,,,,,,,,,,,,
973,351,1,2,0,1,2,0,,,,,,,,,,,,
974,352,2,1,0,0,3,0,,,,,,,,,,,,
975,353,0,1,0,0,1,0,,,,,,,,,,,,
976,354,--,--,--,--,--,--,,,,,,,,,,,,
977,355,0,4,0,0,4,0,,,,,,,,,,,,
978,356,5,1,0,2,4,0,,,,,,,,,,,,
979,357,1,1,0,1,1,0,,,,,,,,,,,,
980,358,0,2,0,0,2,0,,,,,,,,,,,,
981,359,0,1,0,0,1,0,,,,,,,,,,,,
982,360,0,7,0,0,7,0,,,,,,,,,,,,
983,361,0,2,0,0,2,0,,,,,,,,,,,,
984,362,0,1,0,0,1,0,,,,,,,,,,,,
985,363,1,2,0,0,3,0,,,,,,,,,,,,
986,364,1,2,0,0,3,0,,,,,,,,,,,,
987,365,5,3,0,1,7,0,,,,,,,,,,,,
988,366,3,2,0,1,4,0,,,,,,,,,,,,
989,367,1,5,0,0,6,0,,,,,,,,,,,,
990,368,--,--,--,--,--,--,,,,,,,,,,,,
991,369,2,1,0,0,3,0,,,,,,,,,,,,
992,370,--,--,--,--,--,--,,,,,,,,,,,,
993,371,0,1,0,0,1,0,,,,,,,,,,,,
994,372,0,2,0,0,2,0,,,,,,,,,,,,
995,373,0,1,0,0,1,0,,,,,,,,,,,,
996,374,--,--,--,--,--,--,,,,,,,,,,,,
997,375,2,2,0,1,3,0,,,,,,,,,,,,
998,376,2,3,0,1,4,0,,,,,,,,,,,,
999,377,0,2,0,0,2,0,,,,,,,,,,,,
1000,378,0,1,0,0,1,0,,,,,,,,,,,,
1001,379,0,2,0,0,2,0,,,,,,,,,,,,
1002,380,1,3,0,0,4,0,,,,,,,,,,,,
1003,381,2,1,0,0,3,0,,,,,,,,,,,,
1004,382,1,2,0,1,2,0,,,,,,,,,,,,
1005,383,0,2,0,0,2,0,,,,,,,,,,,,
1006,384,1,4,0,1,4,0,,,,,,,,,,,,
1007,385,0,1,0,0,1,0,,,,,,,,,,,,
1008,386,0,5,0,1,4,0,,,,,,,,,,,,
1009,387,0,2,0,0,2,0,,,,,,,,,,,,
1010,388,--,--,--,--,--,--,,,,,,,,,,,,
1011,389,--,--,--,--,--,--,,,,,,,,,,,,
1012,390,0,2,0,0,2,0,,,,,,,,,,,,
1013,391,--,--,--,--,--,--,,,,,,,,,,,,
1014,392,0,1,0,0,1,0,,,,,,,,,,,,
1015,393,0,2,0,0,2,0,,,,,,,,,,,,
1016,394,0,1,0,0,1,0,,,,,,,,,,,,
1017,395,0,4,0,0,4,0,,,,,,,,,,,,
1018,396,--,--,--,--,--,--,,,,,,,,,,,,
1019,397,0,4,0,0,4,0,,,,,,,,,,,,
1020,398,0,1,0,0,1,0,,,,,,,,,,,,
1021,399,0,1,0,0,1,0,,,,,,,,,,,,
1022,400,0,2,0,0,2,0,,,,,,,,,,,,
1023,401,--,--,--,--,--,--,,,,,,,,,,,,
1024,402,--,--,--,--,--,--,,,,,,,,,,,,
1025,403,0,2,0,0,2,0,,,,,,,,,,,,
1026,404,--,--,--,--,--,--,,,,,,,,,,,,
1027,405,--,--,--,--,--,--,,,,,,,,,,,,
1028,406,0,1,0,0,1,0,,,,,,,,,,,,
1029,407,0,2,0,0,2,0,,,,,,,,,,,,
1030,408,0,1,0,0,1,0,,,,,,,,,,,,
1031,409,0,1,0,0,1,0,,,,,,,,,,,,
1032,410,--,--,--,--,--,--,,,,,,,,,,,,
1033,411,0,1,0,0,1,0,,,,,,,,,,,,
1034,412,1,4,0,1,4,0,,,,,,,,,,,,
1035,413,0,2,0,0,2,0,,,,,,,,,,,,
1036,414,0,1,0,0,1,0,,,,,,,,,,,,
1037,415,--,--,--,--,--,--,,,,,,,,,,,,
1038,416,0,2,0,0,2,0,,,,,,,,,,,,
1039,417,0,4,0,0,4,0,,,,,,,,,,,,
1040,418,0,1,0,0,1,0,,,,,,,,,,,,
1041,419,--,--,--,--,--,--,,,,,,,,,,,,
1042,420,--,--,--,--,--,--,,,,,,,,,,,,
1043,421,--,--,--,--,--,--,,,,,,,,,,,,
1044,422,--,--,--,--,--,--,,,,,,,,,,,,
1045,423,--,--,--,--,--,--,,,,,,,,,,,,
1046,424,0,1,0,0,1,0,,,,,,,,,,,,
1047,425,0,1,0,0,1,0,,,,,,,,,,,,
1048,426,0,1,0,0,1,0,,,,,,,,,,,,
1049,427,--,--,--,--,--,--,,,,,,,,,,,,
1050,428,--,--,--,--,--,--,,,,,,,,,,,,
1051,429,--,--,--,--,--,--,,,,,,,,,,,,
1052,430,0,2,0,0,2,0,,,,,,,,,,,,
1053,431,--,--,--,--,--,--,,,,,,,,,,,,
1054,432,0,4,0,0,4,0,,,,,,,,,,,,
1055,433,0,3,0,0,3,0,,,,,,,,,,,,
1056,434,0,2,0,0,2,0,,,,,,,,,,,,
1057,435,0,3,0,0,3,0,,,,,,,,,,,,
1058,436,0,2,0,0,2,0,,,,,,,,,,,,
1059,437,0,1,0,0,1,0,,,,,,,,,,,,
1060,438,--,--,--,--,--,--,,,,,,,,,,,,
1061,439,--,--,--,--,--,--,,,,,,,,,,,,
1062,440,0,1,0,0,1,0,,,,,,,,,,,,
1063,441,0,1,0,0,1,0,,,,,,,,,,,,
1064,442,0,1,0,0,1,0,,,,,,,,,,,,
1065,443,0,1,0,0,1,0,,,,,,,,,,,,
1066,444,0,2,0,0,2,0,,,,,,,,,,,,
1067,445,0,1,0,0,1,0,,,,,,,,,,,,
1068,446,--,--,--,--,--,--,,,,,,,,,,,,
1069,447,0,4,0,0,4,0,,,,,,,,,,,,
1070,448,1,1,0,1,1,0,,,,,,,,,,,,
1071,449,--,--,--,--,--,--,,,,,,,,,,,,
1072,450,0,2,0,0,2,0,,,,,,,,,,,,
1073,451,--,--,--,--,--,--,,,,,,,,,,,,
1074,452,2,3,0,3,2,0,,,,,,,,,,,,
1075,453,2,1,0,0,3,0,,,,,,,,,,,,
1076,454,--,--,--,--,--,--,,,,,,,,,,,,
1077,455,3,6,0,8,1,0,,,,,,,,,,,,
1078,456,--,--,--,--,--,--,,,,,,,,,,,,
1079,457,0,1,0,0,1,0,,,,,,,,,,,,
1080,458,0,1,0,0,1,0,,,,,,,,,,,,
1081,459,--,--,--,--,--,--,,,,,,,,,,,,
1082,460,0,1,0,0,1,0,,,,,,,,,,,,
1083,461,0,2,0,0,2,0,,,,,,,,,,,,
1084,462,--,--,--,--,--,--,,,,,,,,,,,,
1085,463,0,1,0,0,1,0,,,,,,,,,,,,
1086,464,1,2,0,0,3,0,,,,,,,,,,,,
1087,465,--,--,--,--,--,--,,,,,,,,,,,,
1088,466,--,--,--,--,--,--,,,,,,,,,,,,
1089,467,0,2,0,0,2,0,,,,,,,,,,,,
1090,468,--,--,--,--,--,--,,,,,,,,,,,,
1091,469,0,1,0,0,1,0,,,,,,,,,,,,
1092,470,--,--,--,--,--,--,,,,,,,,,,,,
1093,471,1,0,0,0,1,0,,,,,,,,,,,,
1094,472,1,0,0,0,1,0,,,,,,,,,,,,
1095,473,1,5,0,3,3,0,,,,,,,,,,,,
1096,474,2,2,0,3,1,0,,,,,,,,,,,,
1097,475,2,1,0,2,1,0,,,,,,,,,,,,
1098,476,--,--,--,--,--,--,,,,,,,,,,,,
1099,477,--,--,--,--,--,--,,,,,,,,,,,,
1100,478,--,--,--,--,--,--,,,,,,,,,,,,
1101,479,2,1,0,2,1,0,,,,,,,,,,,,
1102,480,2,3,0,3,2,0,,,,,,,,,,,,
1103,481,--,--,--,--,--,--,,,,,,,,,,,,
1104,482,1,0,0,0,1,0,,,,,,,,,,,,
1105,483,1,0,0,0,1,0,,,,,,,,,,,,
1106,484,1,0,0,0,1,0,,,,,,,,,,,,
1107,485,1,1,0,0,2,0,,,,,,,,,,,,
1108,486,2,0,0,0,2,0,,,,,,,,,,,,
1109,487,2,0,0,0,2,0,,,,,,,,,,,,
1110,488,1,0,0,0,1,0,,,,,,,,,,,,
1111,489,--,--,--,--,--,--,,,,,,,,,,,,
1112,490,1,1,0,0,2,0,,,,,,,,,,,,
1113,491,1,0,0,1,0,0,,,,,,,,,,,,
1114,492,3,2,0,3,2,0,,,,,,,,,,,,
1115,493,1,0,0,1,0,0,,,,,,,,,,,,
1116,494,3,1,0,3,1,0,,,,,,,,,,,,
1117,495,1,1,0,2,0,0,,,,,,,,,,,,
1118,496,1,1,0,2,0,0,,,,,,,,,,,,
1119,497,1,1,0,1,1,0,,,,,,,,,,,,
1120,498,2,0,0,2,0,0,,,,,,,,,,,,
1121,499,2,0,0,2,0,0,,,,,,,,,,,,
1122,500,1,1,0,2,0,0,,,,,,,,,,,,
1123,501,1,0,0,1,0,0,,,,,,,,,,,,
1124,502,1,1,0,1,1,0,,,,,,,,,,,,
1125,503,1,0,0,1,0,0,,,,,,,,,,,,
1126,504,1,1,0,1,1,0,,,,,,,,,,,,
1127,505,--,--,--,--,--,--,,,,,,,,,,,,
1128,506,--,--,--,--,--,--,,,,,,,,,,,,
1129,507,1,1,0,1,1,0,,,,,,,,,,,,
1130,508,3,0,0,3,0,0,,,,,,,,,,,,
1131,509,1,0,0,1,0,0,,,,,,,,,,,,
1132,510,1,0,0,1,0,0,,,,,,,,,,,,
1133,511,--,--,--,--,--,--,,,,,,,,,,,,
1134,512,--,--,--,--,--,--,,,,,,,,,,,,
1135,513,--,--,--,--,--,--,,,,,,,,,,,,
1136,514,--,--,--,--,--,--,,,,,,,,,,,,
1137,515,--,--,--,--,--,--,,,,,,,,,,,,
1138,516,--,--,--,--,--,--,,,,,,,,,,,,
1139,517,--,--,--,--,--,--,,,,,,,,,,,,
1140,518,--,--,--,--,--,--,,,,,,,,,,,,
1141,519,--,--,--,--,--,--,,,,,,,,,,,,
1142,520,1,0,0,0,1,0,,,,,,,,,,,,
1143,521,2,5,0,2,5,0,,,,,,,,,,,,
1144,522,1,0,0,0,1,0,,,,,,,,,,,,
1145,523,1,0,0,0,1,0,,,,,,,,,,,,
1146,524,1,0,0,0,1,0,,,,,,,,,,,,
1147,525,2,0,0,1,1,0,,,,,,,,,,,,
1148,526,1,0,0,1,0,0,,,,,,,,,,,,
1149,527,1,0,0,1,0,0,,,,,,,,,,,,
1150,528,2,0,0,2,0,0,,,,,,,,,,,,
1151,529,1,2,0,1,2,0,,,,,,,,,,,,
1152,530,1,1,0,1,1,0,,,,,,,,,,,,
1153,531,1,0,0,1,0,0,,,,,,,,,,,,
1154,532,2,1,0,3,0,0,,,,,,,,,,,,
1155,533,1,0,0,1,0,0,,,,,,,,,,,,
1156,534,1,0,0,1,0,0,,,,,,,,,,,,
1157,535,1,0,0,1,0,0,,,,,,,,,,,,
1158,536,2,1,0,2,1,0,,,,,,,,,,,,
1159,537,--,--,--,--,--,--,,,,,,,,,,,,
1160,538,3,1,0,4,0,0,,,,,,,,,,,,
1161,539,3,0,0,3,0,0,,,,,,,,,,,,
1162,540,1,0,0,1,0,0,,,,,,,,,,,,
1163,541,--,--,--,--,--,--,,,,,,,,,,,,
1164,542,4,3,0,6,1,0,,,,,,,,,,,,
1165,543,2,0,0,2,0,0,,,,,,,,,,,,
1166,544,--,--,--,--,--,--,,,,,,,,,,,,
1167,545,1,0,0,1,0,0,,,,,,,,,,,,
1168,546,2,0,0,1,1,0,,,,,,,,,,,,
1169,547,2,1,0,3,0,0,,,,,,,,,,,,
1170,548,2,1,0,3,0,0,,,,,,,,,,,,
1171,549,--,--,--,--,--,--,,,,,,,,,,,,
1172,550,2,0,0,1,1,0,,,,,,,,,,,,
1173,551,--,--,--,--,--,--,,,,,,,,,,,,
1174,552,1,0,0,1,0,0,,,,,,,,,,,,
1175,553,4,0,0,4,0,0,,,,,,,,,,,,
1176,554,3,0,0,2,1,0,,,,,,,,,,,,
1177,555,1,0,0,1,0,0,,,,,,,,,,,,
1178,556,1,0,0,1,0,0,,,,,,,,,,,,
1179,557,4,0,0,3,1,0,,,,,,,,,,,,
1180,558,--,--,--,--,--,--,,,,,,,,,,,,
1181,559,--,--,--,--,--,--,,,,,,,,,,,,
1182,560,6,3,0,5,4,0,,,,,,,,,,,,
1183,561,1,0,0,1,0,0,,,,,,,,,,,,
1184,562,1,0,0,1,0,0,,,,,,,,,,,,
1185,563,--,--,--,--,--,--,,,,,,,,,,,,
1186,564,2,1,0,2,1,0,,,,,,,,,,,,
1187,565,2,1,0,3,0,0,,,,,,,,,,,,
1188,566,1,0,0,1,0,0,,,,,,,,,,,,
1189,567,1,0,0,1,0,0,,,,,,,,,,,,
1190,568,2,3,0,3,2,0,,,,,,,,,,,,
1191,569,1,1,0,1,1,0,,,,,,,,,,,,
1192,570,2,2,0,3,1,0,,,,,,,,,,,,
1193,571,1,0,0,1,0,0,,,,,,,,,,,,
1194,572,1,0,0,1,0,0,,,,,,,,,,,,
1195,573,4,0,0,4,0,0,,,,,,,,,,,,
1196,574,--,--,--,--,--,--,,,,,,,,,,,,
1197,575,--,--,--,--,--,--,,,,,,,,,,,,
1198,576,1,0,0,1,0,0,,,,,,,,,,,,
1199,577,1,0,0,1,0,0,,,,,,,,,,,,
1200,578,1,0,0,1,0,0,,,,,,,,,,,,
1201,579,--,--,--,--,--,--,,,,,,,,,,,,
1202,580,--,--,--,--,--,--,,,,,,,,,,,,
1203,581,--,--,--,--,--,--,,,,,,,,,,,,
1204,582,--,--,--,--,--,--,,,,,,,,,,,,
1205,583,--,--,--,--,--,--,,,,,,,,,,,,
1206,584,1,1,0,2,0,0,,,,,,,,,,,,
1207,585,--,--,--,--,--,--,,,,,,,,,,,,
1208,586,1,0,0,1,0,0,,,,,,,,,,,,
1209,587,1,0,0,1,0,0,,,,,,,,,,,,
1210,588,--,--,--,--,--,--,,,,,,,,,,,,
1211,589,3,0,0,3,0,0,,,,,,,,,,,,
1212,590,--,--,--,--,--,--,,,,,,,,,,,,
1213,591,1,0,0,1,0,0,,,,,,,,,,,,
1214,592,1,0,0,1,0,0,,,,,,,,,,,,
1215,593,1,1,0,1,1,0,,,,,,,,,,,,
1216,594,2,1,0,2,1,0,,,,,,,,,,,,
1217,595,2,0,0,2,0,0,,,,,,,,,,,,
1218,596,--,--,--,--,--,--,,,,,,,,,,,,
1219,597,--,--,--,--,--,--,,,,,,,,,,,,
1220,598,2,1,0,2,1,0,,,,,,,,,,,,
1221,599,1,1,0,2,0,0,,,,,,,,,,,,
1222,600,1,0,0,1,0,0,,,,,,,,,,,,
1223,601,--,--,--,--,--,--,,,,,,,,,,,,
1224,602,--,--,--,--,--,--,,,,,,,,,,,,
1225,603,--,--,--,--,--,--,,,,,,,,,,,,
1226,604,1,0,0,1,0,0,,,,,,,,,,,,
1227,605,3,2,0,5,0,0,,,,,,,,,,,,
1228,606,3,0,0,3,0,0,,,,,,,,,,,,
1229,607,3,2,0,5,0,0,,,,,,,,,,,,
1230,608,4,1,0,4,1,0,,,,,,,,,,,,
1231,609,3,0,0,3,0,0,,,,,,,,,,,,
1232,610,2,0,0,2,0,0,,,,,,,,,,,,
1233,611,5,0,0,3,2,0,,,,,,,,,,,,
1234,612,6,5,0,7,4,0,,,,,,,,,,,,
1235,613,5,7,0,8,4,0,,,,,,,,,,,,
1236,614,2,6,0,5,3,0,,,,,,,,,,,,
1237,615,4,1,0,5,0,0,,,,,,,,,,,,
1238,616,4,0,0,4,0,0,,,,,,,,,,,,
1239,617,1,1,0,1,1,0,,,,,,,,,,,,
1240,618,1,0,0,1,0,0,,,,,,,,,,,,
1241,619,1,0,0,1,0,0,,,,,,,,,,,,
1242,620,1,0,0,1,0,0,,,,,,,,,,,,
1243,621,1,0,0,1,0,0,,,,,,,,,,,,
1244,622,--,--,--,--,--,--,,,,,,,,,,,,
1245,623,2,0,0,2,0,0,,,,,,,,,,,,
1246,624,8,2,0,10,0,0,,,,,,,,,,,,
1247,625,6,1,0,6,1,0,,,,,,,,,,,,
1248,626,2,1,0,3,0,0,,,,,,,,,,,,
1249,627,6,0,0,6,0,0,,,,,,,,,,,,
1250,628,2,3,0,1,4,0,,,,,,,,,,,,
1251,629,4,1,0,4,1,0,,,,,,,,,,,,
1252,630,6,3,0,9,0,0,,,,,,,,,,,,
1253,631,7,6,0,6,7,0,,,,,,,,,,,,
1254,632,7,4,0,6,5,0,,,,,,,,,,,,
1255,633,0,2,0,0,2,0,,,,,,,,,,,,
1256,634,0,1,0,0,1,0,,,,,,,,,,,,
1257,635,--,--,--,--,--,--,,,,,,,,,,,,
1258,636,--,--,--,--,--,--,,,,,,,,,,,,
1259,637,--,--,--,--,--,--,,,,,,,,,,,,
1260,638,0,1,0,0,1,0,,,,,,,,,,,,
1261,639,1,2,0,0,3,0,,,,,,,,,,,,
1262,640,0,2,0,0,2,0,,,,,,,,,,,,
1263,641,--,--,--,--,--,--,,,,,,,,,,,,
1264,642,0,3,0,0,3,0,,,,,,,,,,,,
1265,643,1,4,0,1,4,0,,,,,,,,,,,,
1266,644,0,2,0,0,2,0,,,,,,,,,,,,
1267,645,1,4,0,0,5,0,,,,,,,,,,,,
1268,646,0,4,0,0,4,0,,,,,,,,,,,,
1269,647,1,4,0,1,4,0,,,,,,,,,,,,
1270,648,4,2,0,1,5,0,,,,,,,,,,,,
1271,649,1,2,0,0,3,0,,,,,,,,,,,,
1272,650,1,3,0,0,4,0,,,,,,,,,,,,
1273,651,2,1,0,0,3,0,,,,,,,,,,,,
1274,652,0,1,0,0,1,0,,,,,,,,,,,,
1275,653,2,5,0,1,6,0,,,,,,,,,,,,
1276,654,1,2,0,1,2,0,,,,,,,,,,,,
1277,655,1,0,0,1,0,0,,,,,,,,,,,,
1278,656,1,0,0,1,0,0,,,,,,,,,,,,
1279,657,1,0,0,1,0,0,,,,,,,,,,,,
1280,658,2,2,0,2,2,0,,,,,,,,,,,,
1281,659,5,3,0,3,5,0,,,,,,,,,,,,
1282,660,1,1,0,1,1,0,,,,,,,,,,,,
1283,661,1,1,0,1,1,0,,,,,,,,,,,,
1284,662,1,0,0,1,0,0,,,,,,,,,,,,
1285,663,1,1,0,1,1,0,,,,,,,,,,,,
1286,664,1,4,0,1,4,0,,,,,,,,,,,,
1287,665,2,0,0,0,2,0,,,,,,,,,,,,
1288,666,1,0,0,1,0,0,,,,,,,,,,,,
1289,667,1,0,0,1,0,0,,,,,,,,,,,,
1290,668,2,1,0,0,3,0,,,,,,,,,,,,
1291,669,1,0,0,1,0,0,,,,,,,,,,,,
1292,670,--,--,--,--,--,--,,,,,,,,,,,,
1293,671,--,--,--,--,--,--,,,,,,,,,,,,
1294,672,2,0,0,0,2,0,,,,,,,,,,,,
1295,673,1,0,0,0,1,0,,,,,,,,,,,,
1296,674,6,2,0,2,6,0,,,,,,,,,,,,
1297,675,3,1,0,2,2,0,,,,,,,,,,,,
1298,676,3,1,0,1,3,0,,,,,,,,,,,,
1299,677,4,5,0,3,6,0,,,,,,,,,,,,
1300,678,5,2,0,3,4,0,,,,,,,,,,,,
1301,679,2,1,0,0,3,0,,,,,,,,,,,,
1302,680,1,1,0,0,2,0,,,,,,,,,,,,
1303,681,6,2,0,1,7,0,,,,,,,,,,,,
1304,682,1,0,0,0,1,0,,,,,,,,,,,,
1305,683,--,--,--,--,--,--,,,,,,,,,,,,
1306,684,--,--,--,--,--,--,,,,,,,,,,,,
1307,685,3,1,0,2,2,0,,,,,,,,,,,,
1308,686,2,2,0,0,4,0,,,,,,,,,,,,
1309,687,2,1,0,0,3,0,,,,,,,,,,,,
1310,688,4,1,0,0,5,0,,,,,,,,,,,,
1311,689,4,4,0,2,6,0,,,,,,,,,,,,
1312,690,2,2,0,1,3,0,,,,,,,,,,,,
1313,691,2,5,0,2,5,0,,,,,,,,,,,,
1314,692,4,3,0,1,6,0,,,,,,,,,,,,
1315,693,0,2,0,0,2,0,,,,,,,,,,,,
1316,694,4,4,0,4,4,0,,,,,,,,,,,,
1317,695,6,3,0,5,4,0,,,,,,,,,,,,
1318,696,3,2,0,2,3,0,,,,,,,,,,,,
1319,697,3,1,0,2,2,0,,,,,,,,,,,,
1320,698,1,0,0,1,0,0,,,,,,,,,,,,
1321,699,3,0,0,1,2,0,,,,,,,,,,,,
1322,700,2,0,0,1,1,0,,,,,,,,,,,,
1323,701,1,4,0,1,4,0,,,,,,,,,,,,
1324,702,3,1,0,1,3,0,,,,,,,,,,,,
1325,703,2,2,0,2,2,0,,,,,,,,,,,,
1326,704,2,0,0,0,2,0,,,,,,,,,,,,
1327,705,3,0,0,2,1,0,,,,,,,,,,,,
1328,706,4,3,0,2,5,0,,,,,,,,,,,,
1329,707,2,2,0,1,3,0,,,,,,,,,,,,
1330,708,2,2,0,2,2,0,,,,,,,,,,,,
1331,709,3,1,0,3,1,0,,,,,,,,,,,,
1332,710,2,0,0,2,0,0,,,,,,,,,,,,
1333,711,2,0,0,1,1,0,,,,,,,,,,,,
1334,712,3,1,0,2,2,0,,,,,,,,,,,,
1335,713,3,1,0,2,2,0,,,,,,,,,,,,
1336,714,3,0,0,2,1,0,,,,,,,,,,,,
1337,715,3,0,0,1,2,0,,,,,,,,,,,,
1338,716,6,1,0,4,3,0,,,,,,,,,,,,
1339,717,2,2,0,1,3,0,,,,,,,,,,,,
1340,718,2,2,0,2,2,0,,,,,,,,,,,,
1341,719,3,3,0,2,4,0,,,,,,,,,,,,
1342,720,4,3,0,2,5,0,,,,,,,,,,,,
1343,721,3,0,0,3,0,0,,,,,,,,,,,,
1344,722,4,0,0,2,2,0,,,,,,,,,,,,
1345,723,1,1,0,1,1,0,,,,,,,,,,,,
1346,724,1,0,0,1,0,0,,,,,,,,,,,,
1347,725,--,--,--,--,--,--,,,,,,,,,,,,
1348,726,3,1,0,3,1,0,,,,,,,,,,,,
1349,727,--,--,--,--,--,--,,,,,,,,,,,,
1350,728,2,0,0,2,0,0,,,,,,,,,,,,
1351,729,2,0,0,2,0,0,,,,,,,,,,,,
1352,730,2,1,0,1,2,0,,,,,,,,,,,,
1353,731,2,1,0,1,2,0,,,,,,,,,,,,
1354,732,2,0,0,2,0,0,,,,,,,,,,,,
1355,733,2,1,0,3,0,0,,,,,,,,,,,,
1356,734,1,0,0,1,0,0,,,,,,,,,,,,
1357,735,--,--,--,--,--,--,,,,,,,,,,,,
1358,736,2,0,0,2,0,0,,,,,,,,,,,,
1359,737,3,0,0,3,0,0,,,,,,,,,,,,
